-- phpMyAdmin SQL Dump
-- version 5.2.0
-- https://www.phpmyadmin.net/
--
-- Хост: 127.0.0.1:3306
-- Время создания: Май 21 2025 г., 10:29
-- Версия сервера: 5.7.39-log
-- Версия PHP: 8.0.22

SET SQL_MODE = "NO_AUTO_VALUE_ON_ZERO";
START TRANSACTION;
SET time_zone = "+00:00";


/*!40101 SET @OLD_CHARACTER_SET_CLIENT=@@CHARACTER_SET_CLIENT */;
/*!40101 SET @OLD_CHARACTER_SET_RESULTS=@@CHARACTER_SET_RESULTS */;
/*!40101 SET @OLD_COLLATION_CONNECTION=@@COLLATION_CONNECTION */;
/*!40101 SET NAMES utf8mb4 */;

--
-- База данных: `equipment_management`
--

-- --------------------------------------------------------

--
-- Структура таблицы `Consumable`
--

CREATE TABLE `Consumable` (
  `id` int(11) NOT NULL,
  `name` varchar(100) NOT NULL,
  `description` text,
  `arrival_date` date DEFAULT NULL,
  `image` longblob,
  `quantity` int(11) DEFAULT NULL,
  `responsible_user_id` int(11) DEFAULT NULL,
  `temporary_responsible_user_id` int(11) DEFAULT NULL,
  `consumable_type_id` int(11) DEFAULT NULL
) ENGINE=InnoDB DEFAULT CHARSET=utf8mb4;

--
-- Дамп данных таблицы `Consumable`
--

INSERT INTO `Consumable` (`id`, `name`, `description`, `arrival_date`, `image`, `quantity`, `responsible_user_id`, `temporary_responsible_user_id`, `consumable_type_id`) VALUES
(1, 'Картридж HP 106A', 'Черный картридж для лазерного принтера', '2025-04-01', NULL, 5, 1, 2, 1),
(2, 'Беспроводная мышь Logitech', 'Мышь с USB-адаптером', '2025-04-03', NULL, 10, 2, 3, 2),
(3, 'Клавиатура A4Tech', 'Проводная клавиатура USB', '2025-04-05', NULL, 7, 3, 1, 3);

-- --------------------------------------------------------

--
-- Структура таблицы `ConsumableProperty`
--

CREATE TABLE `ConsumableProperty` (
  `id` int(11) NOT NULL,
  `consumable_id` int(11) NOT NULL,
  `property_name` varchar(100) NOT NULL,
  `property_value` varchar(100) NOT NULL
) ENGINE=InnoDB DEFAULT CHARSET=utf8mb4;

--
-- Дамп данных таблицы `ConsumableProperty`
--

INSERT INTO `ConsumableProperty` (`id`, `consumable_id`, `property_name`, `property_value`) VALUES
(1, 1, 'Цвет', 'Черный'),
(2, 1, 'Объём', '1500 страниц'),
(3, 1, 'Тип', 'Лазерный'),
(4, 2, 'Тип соединения', 'Беспроводная'),
(5, 2, 'Цвет', 'Чёрный'),
(6, 2, 'Сенсор', 'Оптический'),
(7, 3, 'Тип подключения', 'Проводная'),
(8, 3, 'Интерфейс', 'USB'),
(9, 3, 'Цвет', 'Чёрный');

-- --------------------------------------------------------

--
-- Структура таблицы `ConsumableType`
--

CREATE TABLE `ConsumableType` (
  `id` int(11) NOT NULL,
  `name` varchar(100) NOT NULL
) ENGINE=InnoDB DEFAULT CHARSET=utf8mb4;

--
-- Дамп данных таблицы `ConsumableType`
--

INSERT INTO `ConsumableType` (`id`, `name`) VALUES
(1, 'Картридж'),
(2, 'Мышь'),
(3, 'Клавиатура');

-- --------------------------------------------------------

--
-- Структура таблицы `Equipment`
--

CREATE TABLE `Equipment` (
  `id` int(11) NOT NULL,
  `name` varchar(100) NOT NULL,
  `photo` longblob,
  `inventory_number` varchar(50) NOT NULL,
  `room_id` int(11) DEFAULT NULL,
  `responsible_user_id` int(11) DEFAULT NULL,
  `temporary_responsible_user_id` int(11) DEFAULT NULL,
  `price` decimal(10,2) DEFAULT NULL,
  `model_id` int(11) DEFAULT NULL,
  `comment` text,
  `direction_name` varchar(100) DEFAULT NULL,
  `status` varchar(100) DEFAULT NULL
) ENGINE=InnoDB DEFAULT CHARSET=utf8mb4;

--
-- Дамп данных таблицы `Equipment`
--

INSERT INTO `Equipment` (`id`, `name`, `photo`, `inventory_number`, `room_id`, `responsible_user_id`, `temporary_responsible_user_id`, `price`, `model_id`, `comment`, `direction_name`, `status`) VALUES
(4, 'Монитор Samsung', 0xffd8ffe000104a46494600010100000100010000ffdb0084000906071213121210111011150f150f100f1017100f10101012101715161716111313191d2820181a251b151721312125292b2e302e171f3338332c37282d2f2b010a0a0a0e0d0e1b10101a2d2620252d2d2d2d2d2d2d2d2d2d2d2d2d2d2d2d2d2d2d2d2d2d2d2d2d2d2d2d2d2d2d2d2d2d2d2d2d2d2d2d2d2d2d2d2d2d2d2d2d2dffc000110800e100e103011100021101031101ffc4001c0001000202030100000000000000000000000304020501060708ffc4004f100001030203030608080a0709000000000100020304110512210631410713225161713242728191a1b1b21433528292c1c2f0162425446273a2a3b3d1081534637483c335434553647584d2d3ffc4001a010100030101010000000000000000000000010203040506ffc4003311010002020004040404050501000000000001020311041221310513415114226171328191f0153342a1b123536272c152ffda000c03010002110311003f00f714040404040404040404040404040404040404040404040404040404040404040404040404040404040404040404040404040404040404040404040404040404040404040404040404040404040404040404040404040404040404040404040404040404040404040404040404040404040404040404040404040404040404040404040404040404040404040404040404040404041e71b45b7b514d533459613131e1adced703a81bc8776f5298aefb2b6b456372869f956f954f19fd5d45bd45a54cd648bc4f696c62e5469bc782a1be4889e3de0a34b2fc3ca3e1c77ccf67970c9ed00a817e0db3c3ddbab601e5c823f7ac8365062b4eff0002a217791346ef61416c141ca0202020202020202020202020202020202020202020f09e5145eaea47f78df605bf0ff8e1c9c74eb0cfe4ebf41824f335ef8a273dacf0c8cba685d6009bb8d9a4d85cd82edb5ab1d25e35697bc4cd63b32660f3011bb9892d2df9a22371e73c8b0d4f727c93b57fd588898df5fbb87503c784c90748b350f1d306c5bdf7e0abe5e39f484fc4f115f5960ea31b8dc1dc6fbc7a5479149f44ff0010cf5f5fec89d85b0f13fb3fc957e1aabc78ae68ef10458696eb1ccf61fd025a7d442acf0b1eed23c5edeb58fd572296b99f1788d50ffc89ede8cc5567859f75e3c66beb4feeb2cc77186f838949f38b5fef30a8f86b348f18c3eb12b11eda638cfced8ff2e1a7fa98157e1aed23c57879f7fd1337947c71bbdb4aeef847d9902ace0bfb348f12e1a7fabfb4a5672b38bb7c2a3a47773266ff00aa547937f6691c770f3fd70b0ce59abc78786467c99656fd92abe5dfd978e2b0cff54256f2e138f0f0877cda977d7128e4b7b2d19b1cff00547ea9d9cbab7c6c2e71dd335ded6851cb3ecbf3d7de1337977a5f1a86ac777347ed04d4a79a3dd20e5e2838d2570ee6407fd4509db26f2f186f1a7ae1df141f54a8276f2e785fc8ab1fe447ff00ba0b587f2cb864d2c70b3e139e491913334200ccf7068b9cdbae507a2202020202020202020f0ddb86e6c42a1bfde0f742e8e1bae4879fe276e5e1e67ec6cde230c2c9e3943de1c6c5acc8f8dc435c003720c6e04821edb9b5c5975e4c73698d3c7e1b8aae3acc5e27afeff72dbd1ed1c0052b5c240da77d3169c80e8d85cc94d81e2e20ace70dbafd77fe5d15e3b17cb1d7a6bfc6a5665da485df06cb21639952c9de5d0b9ed6b9ec94ca4816b8cefb686fc428f26d1be9e899e371cf2ea75d77dbde277fdd252e274dcf48e33b4b44904c4c85eecc0534b1398c71683258b9a0170048eb559a5f51d3f7b5ab9f0f34fcdeb13d7feb31a8f7557d452ba91ad71879d65352348b343dc4cb197b4712e0237df8d9ea796f17fd549cb82d875331b888ff0031b50db08a2cec744602099f4a76c4d023e70f359b9b36272116d01b017d569877aeae6e3e69b8e5d7af6d76df4edf4680316cf3b6cc354abb0b10db02d50b44a373117896c23c1d85b1074c5b3ccdcf1379a2e8c82f2c687c81d704969dcd20713d59f3cf5e9d21d75c35988ddbacf68d7fea31b37316e7cd0b5a64e68679436efcef665171aeb1bbcca2724766b5e1afadf4f6573b3154585e22d0071b666879ca5c1c1ac26e5c321361adadd6147995ecbd787c9ade91fe0ad46689879b6be599f034195a72bdad0e77385b7c96cd620ea38851e657ab58c17e91eead3ec8d600d269de4b9b23b2b41323431d94e76f024ee1bc8d427995969e4e488ec869b652ae421a29de0b9ad7479d8e02405cc6f44dadfef1a75205bcd789bd568c791af760751a7e2b51d2cd97f1797a594d9d97a3ad8900f55d266a988bfd55b0960157426c3fb7d27f15ab1cd1d1d5c2cccda5f592e67708080808080808083c5368e12fc5aa183ac9f43015d3c2ceb243cdf16accf0d311f4415187dbc503b85afda7b57ab111e8f8f9c96afe25534df7dca34b46444e8944c2d176263555b99c862846d986a69599679111cc06223982c439983989a5e250b9aa17895887159e36734c95cd66b60036edbea435d6bb41e201b159cd2b33b974e3e23256bcb13d116238bcd3339b91cd2ccd9ecd8e38fa5779bf400d6f23cf7948a447586b6e22f78d5a7f7fb94b26d3d51e72ef04c9a925a2ed76411e665b71ca079c5f7eaa9e555bc71993af5ee827da194b98fe6e10e6c92cc4b632de72591a1af7bf5d4902fa5b553e542df1569989d423a7da695ac631ec64a19289d866329709dbf172170702728b8b1d2c750ab38e37d1ad389b6b53d5cc3b5d2b4bcf34c25f34131b976f88c161dc7e0e3e9151e5435f8a99ee8a5da83cd490c70067390c70bdc2691c72c4d0c88b41d1b665c1b7844df4b5957cbead233f4d4434140cb5550ffdc2907ef1ab2cdd9d3c2f797d56b9dda2020202020202020f209a6cb8fca4eee983dc625b608ddb4e3e3efcb8667eb0ee15b8335edccc1a1e1d4bb69966b3ab3e7f3707178e6af6754c4b0b2d3bb4dcbaeb68b3c5cb8ed8e7e8d44b1762998456eaee8d5261ac598e4554ed906a2b32c80446d95911b32a1b60e6a2d1285ed50d2aa34f52c9012c3700e5bd8817ecbef0a91316ece9c98af8a622f03daa48942e6a2f128ded45e2559ed512d6250b9aaad6259470dcaa4bab1b672e10f8ce1d39690c38bd24609e2ecd7b0f42e5cb3e8f4b87aebabe90583a84040404040404041e1d8f4d971c9cf7ff000c2eae0e37961e5f8c4eb8599fac3d0301c5b702745d9c460dbc3e0b8de49fa36988513246e668e1b97363c9349d59ddc570f4cd5e7c7fa3a362f4192e7c51727b17a35b6e1f359314d2fa875fa1a8e719ce005ad76602e752d06dafa145679a36d3363f2afc9bdcb9735566158962a12c82219221c944302116432b2f71c2d650d693a9da951b0e401cc0c3a8cad7070b03606fdd655aef5d61d39e639e796dbfab27354a91289ed45e250481434acabbdaa1b44b98690b8ee55b4ba31d665de763762dd2da596ed806a4f17f637f9ae6bdfd21e962c5d376ecb9ca8bd80e131460358cc6290340dc06ab1bd351b97561c9cd6d43d5164e910101010101010107816d63ed8dd47dfc40bab84fe6c3cbf188df0b3f786e30fadca77d85baafaaf67bbe2fad2770ded262d3f3b11648c1000e12b5c35712458836beeed5cd93044bbf0719358e93d5bcc469e2aa8dec272b9cc736fc3516b90b9b57c7f676dad8b3f5ed6752afc0cd330348b46d1a3bc5ed37e0bab1deb6af4791c560cd4c9bb46f7eae958d630459b0836e71a1ee22d66dc5c8bf65f7acb2e49ed0f4383e0ab31cd97dba42963db4e23cf1c22ef68b67246469ec1e37df7acb2e7d6e2ae9e0bc2fcce5be5ed3e9eabdb28e99d03649e42f73fa4db868cace1b86b7dfe857c1cd35dda5cbe27e55737262aea23bfddba5b3cd7283128237045a10b8286b089c8bc35f88ca459ad36713bed7207d4ab3ecece1e91d6d6865040eb06dcb8f59de9ad22d6e6b7cb0d9e1f823e47001a493b80172b3b5e21d58704cbd0b01d8b8e2024a9b13bc301d3e71fa972daf369d55ead30d71c6effa36d88e2800cadb068160068005ae3c2c73710f33db5c40493e1ad07762b48efdab7d69c5539691f74f87e4e7c96fb3dc970bd710101010101010107cf7b66fb63751e6f702e9e17f990f3bc5637c34fde13c332f5e2cf90bd1b0a7aa23715ac4edcf6a6bb2c55e3ce89a2c7a44e9dc37acb2444436e1a2d6b75ed0bd47b56e2cb3c34c76b383aceb9e370573db0c4f587a78b89f2e796ca95f8351d503cdbf9979d6c466889f685cf68bc3d0c7e55a771d25d5a6e4e27e73a71e782f98be1709011da378bf68e2b2ad62d6d5ba3a33e6be1c336a46e5bae66dd1b5ada5ad6b0eab2ef88f67c85af333f37771914a370e7294d1b8625a5349dc302d2a13130c39a251a459cfc05da1b5afbaf7d781b285e2677a5dc3f666490f4632e2482486f11fa4772cad92b57a38b86cb9235e8ed9866c306d9d3bc347c96d8bbd3b87ad735b34cfe17a78b82ad3ade5b3c2f18a36ba7829474e17064aec8f00b8df412116758820d8e96558c76b4fccded9ab8ebf22a6278d0d6ee5d78f0bcdcbc5c3a5e2f8ddee2f60baeb48ab9226d925d4e7ab0faaa1038621487f7ad5c5c6ceeb1f77b5e1d58ada75ecfa5d79af584040404040404041f39ede3ed8dd4f9bdc0ba386fe6387c4637827f27114cbd3897cbda8bac9baafc37f5f15a56ce7b51abc6ab017b5a0ead06f6e04ee0b3cb6899777098662933eeab0d691dcb38b4b6be18958feb675ef98dec00d7ab724d958c331d9dd365f17998ccc5e7a44103b02dab86b68eb0f3b8ae332e3bc4527b3b3b71d8e4d27858fed2d693e9deb2b709afc13a5abe2d16e99e913f93314987c9e2961fd1791ea2b39a67afd5bd7278765ef1afb4b2fc18a5778333c77e52a93972c7786d1c0f057fc379871f81d0ffcf3f407f351f117f65e3c2f87ff0073f7fab36ec7c1c6677d11fcd57cfbfb348f0ce1a3bdd662d9ba46ef2f777b80f60559c9925d15e1b84a7bcb37e1b481ed7e5f0059ad2e2597bdee471f668ad59cbcba52f4e163245f5dbd37d1627c69ad160401d9a28af0deed32788c4477696bf68875aeaa70ef3f2f887b3ac56e380662db0b9bbb2800936b5cf59d02e8ae28871ce6bde5d76bf17278ad3a435c78e65d76bab49e2b2bd9e862c4af82c97aca3ff1b4c7f7ac5e77153b887abc1d75697d5ab89e808080808080808083e6de505df96eabe6fb816fc3fe371f1ffc99fc90452af4625f3b6a95b8808d8e75fa56361c6ea2d922b09c3c34e4b446ba3ac4350ef0af7b9d4937d57356d3ddecdf1c764df09ed56e665e5acd1bc3dec65cddc6c74dc75b5baf82b5279ada6796bc959b7b3b9c78a44c2d8b9c6875835adbdcf50165e873d627976f9eb70b96f139397a7bb60caaed57724e24ccab467389623af23738fa544c44ab14b47694edc5de3c72abc95f66917cb1da597f5e49f29479556919b37bb07e38ff00949e5d56f3b2cfaab4b8cbfad4f2553cd92546a315775a98ac2d14b4f76b2a2bcf5ab37a616baa2abb55665d54c5a6b2799636b3b6946be77ae7bddd3484fb360fc3293abe174fe9e758b8f37677f0df8a5f58ae67608080808080808083e67e519df972abb99ee05b60fc6e5e33ae29692b7166c6080417f55f777aebbe68abcdc3c25b24ee7b3aecb58e7f84493c493a95c93799eef56b8ab48d43964b65313a566bb642753cc8e458a7a8734dda6ce17b11bf76b63dcaf5b4c33b63acf498765d9da3cb799fe19f06fbec77bbcebaf87ac47cd2f27c432eff00d2af6f56fdb3aecdbc9f2d232a54ed49c69054a29e539f8521e5313548b46246eaaed45a312bc954a76d6312b4b52a265b571a9cb3aa4d9bd68ab24ab1b646f5a2a4b22c6d66d5aaac8e594cb6ac2f6ca9fc72947fd5539fdeb1619bb3b3878f99f58ae77588080808080808083e5fe54e52dc66b08df6601f41baabd2dcb3b659a9cd5d4ba1d54d9de5d6b5edc6fc2ca26773b5a95e5ae918290b32ccadb469231e14c4ab30b4c70b03a69d7b8957db298eaeed0cc0b5a45ac5a08cbe0eee1d8bba27a3e6f25262d313ee9448ad1667cacb9c57e7472b2122b46447286453cf072a274c9cebc5113e751e62f146ab159b56b83835cd373adbb81ec3672c32e59f47a3c26389acc4c77650d735e343d2e238f7f7288cdcccf270f38e7e8e1f224da48aab3deb3996b1542f728691085ce556910d9ec8eb5b4dfe220fe2b16397b3a70777d62b9dd42020202020202020f9579623f95eb3be3f71aa47484044390a448005757aa56768ba951dae86468634377068b0e3e70bb2931ae8f133d6d3799b2d36457db09aa412a9da9c873a9b3918999369e444e9546d78aa374aa36bc55a7c748e8b81e95ac4758be9f7ed5cf99e8f0513a98f46ba19f2d9c0ebc3b3b16713a75da9cdd261c55d7b9c6e1c46ed05c0b8516c933ea9c782b58d69c37137f1b1f5288cd644f0d4f45ca79f38bf1bd885b52fcd1b73e4c7c93a1e78a99221b4d8c7835d4c0104f3f01d3f5ac58e4b44c3a715662772fad160dc4040404040404041f29f2c7fed7acef8fdc6a0e94a46597bfd0839319fb90a50969a304f49ed6f5976a3d03556a6bd654bccc4748da79831b6b4c1c35b80d78b756a42bccd63d54af3cf7aebf385dc37118982ce7385dc49b34badddb95f1e5ad63ab9b88e1ef927a277e3d18dc1e479207d6adf115631c05e7bcc303b42cf90ef528f898f65bf87cfbb818f8240c96b902e5d603b4e8a3e27e8b7f0ff00f937715339dba6a53e4cd2c9eec7ec51f133ecb4787c7ff4a05b565c4368e7700480590cce0e00ef1d1dc547c44fb2d1c0d3de52b30fc40eec3ab0f752549fb29f1165a382a7bca5fc19c464b5f0bab3a78d4b30f51015272ccf76b4e1eb4ed32e1bc9f6207fe1955f40b7da56732d968f277883adf92e51a5b4cadf6bd36888faa467265885adfd59271df2457f5c89b4e9621e4d7116eec3a51fe7c3ff00d15a2f31d95b522ddd9bb932c40ea70f94f0fed116eeaf8d5133bee98ac4765fd9ee4e6ba1a9825f803d8d6cf0b9e79e85d6607b4936e70f52aacfa15010101010101010107827283c996255989d4d4410b040f73323df3c6d0406341e8dcbb78ea41aea6e42b1277873d2307eb267bbd0196f5a0da41fd1fe53f1989307934ce7fb5e106d29b900a61f195d3bbc88a38fda5c83674dc85618df0a4ac7f95346d1fb2c083650f239838df4cf779553503dd7041b283933c219bb0f84f966493de7141763d87c31bbb0da2f9d4b0bbdad41e05b515109aac4e78a28990b2514b03591b18c023b3096b40b0b9693e7523d0bfa3de16052cf52e68bc92b230481b980b891e796df3540f5a0107280808080808080808080808080808080808080808080808083afedc6d3c587d2495123807e573606dfa524c4745ad1dfa93c05d07cbf280691ad6c8dce1ee9260f36249b01671f08dca9f41f45f238d8c6134b90824f3ae92c41b48647dda7bac079940eea8080808080808080808080808080808080808080808080835f8fe2d1d253cd552fc5c51979037b8ee6b0769710076941e1188f2bd884ae391d1c0cbe8d8a30e701d45efbdcf6803b948eb18f6246b2ef99ee7cf6e8be425e6df275f04775910eb1493650fd48bb0b74711ec50976cc22b211107125ce792e76739b5b9ebecb2941515d1f8a2ddda20a6ec6e66fc5d44ecfd5d44acf75c8959a6dbcc4e2f0310a9f9f273c3d120720ec98572d78846473cca7a8671bb0c321f9ede88fa2a07b1ec2eda4189c2e9216bd8f6383668e4b666122e08234734eb63d874083b2a020202020202020202020202020202020202086ae9592b1d14ac6be37b4b5ed7b439ae69de083bc20f21c6391376773a92a99cd924b63a88cddbd8256dee3e6f9ca0ebb53c91e22ddd144ff00d5d4347a9f65234f3f24f888bfe2737cd9a95c3df5022672718a3465141516efa7fa9ea472393bc50fe6151e7300fb682cc3c96e28efcd1e3ca969c7db41b1a6e46f107784c8dbe5d433ec82837345c86ca6dced542c1c723249cdba8662c03bf5503d376376369b0e8dcca70e2f7db9d92420c925af61a68d02e6c001bfad076240404040404040404040404040404040404040404040404040404040404040404040404040404040404040404040404040404040404040404040404040404040404040404040404040404040404040404040404040404040404040404040404040404040404040404040404040404040404040404040404040404040404040404040404040404040404040404040404040404040404040404040404040404040404040404040404040404040404040404040404040404041ffd9, 'INV001', 1, 1, 2, '8500.00', 1, 'Основной монитор в лаборатории', 'Веб-разработка', NULL),
(5, 'ПК Lenovo', 0xffd8ffe000104a46494600010100000100010000ffdb008400090607131212151313121515151617151817151718171d1718171517161815151815181d28201a1a251e171721312126292b2e2e2e171f3338332d37282d2e2b010a0a0a0e0d0e1a10101b2d2620262d2d2d2f2d2d2d2d2d2d2f2d2d2d2d2d372f2f2d2d2d2d2d2f2d2d2d2d2d2d2d2d2d2d2d2d2d2d2d2d2d2d2d2d2d2d2d2d2dffc000110800e100e103011100021101031101ffc4001c0001000203010101000000000000000000000203010407050608ffc4005210000102020506090904060707050000000100020311042131415105126171819106072232a1b1c1d1f013164252629293d2e1145572a224535482d3f12343a3b2b3c2e2172533344474830845647384ffc4001a010100030101010000000000000000000000010203040506ffc4003f1100020102020608060102040603010000000102031121310412415161f01322718191a1b1d105143242c1e1f12352153392a224436282b2d23472e206ffda000c03010002110311003f00ee28020080200802008020080200802008020080200802008020080200802008020080200802008020080200802008020080200802008020080200802008020080200802008020080200802008020080200802008020080200802008020080200802008020080200802008020080200802008020080200802008020080200802008020080200802008020080200802008020080e5cce30e9d11f17c951a8e58c8b12182e7be6731c4027581d2b1aba4429bb4b75ceaa3a254ad1d68196f0f3289ffa5a3553f4df74f4e85ab9256e293ee7ce269fe1f5f87881c3eca1323ecd46abda7e9d3a3a42b4d6a4632793fd7b91f215b878993c3dca004fecf4695bce7ddb56719a94b556782f1c887a0d54af80670f7281766fd9e8d3afd27dd2d3a54d492a74d54793fcdfd995f93ab7b136f0e728104fd9e8d54c1e53eedba42a4ab45349ed49f73e7123e52a5ae45dc3ea70b6051f7bf0cef5b0ad74469ca51d65ce36f5c0a3a134ec4d9c3aa7900f90a3d7a5f84fd65ceeac549c7716f969d9322387d4da8790a3d73bdf75be92e89c1c56b3cb0f3c4a2a32664f0f29a27fd0d1eaabd3ba7ed6854fb947790e94b1e04c70e69dfa9a3ddebdf67a4a130e948c43e1dd34d9068ff9fe6d2a27251cc2a5265e38634fb7c8d1ff003fccb1f9aa66bf2950b19c2aca044c41a36f7fcca8f4da49d895a1d464bce7ca3fa9a36f7fcca3e7a97127e4aa91f3ab28fea28dbdff00329f9da5c495a0d67b879d3947f5146deff9947cf51e23e46af023e75e51fd451bde7f7a8f9fa3c7c09f90abc3c479d794bf5145f79fde9fe214788f90adc08bf85b9487fd3d1b5873fbd17c428bdafc0afc95521e78e51ba0514fef3faa734f9fa3c7c07c95532385f948d947a2fbefef50fe23456ff027e46af0f12a89c34ca4db68b46f79fd7352be2145e4c7c856e1e268c4e3269cdb68d471adcf13d4672e95bc74884b264fc855e1e24471994efd9e8db5cf1dab78ad6c87f87d6e1e2551b8d5a643918946801b313939f39135915f4ad254651576655745a94d5e475f591ce10040708e0ac4ce82f75e62c477bce983bc2f374f84a0e351e4ff001835e07bff000cff0026dc59eab8c9d31e957a9c3f97e55a68d3d6a1ab2ff96eddb097b7e51ded5f0de511392e06c167cbd407ee15ea4574da3ca9bcd63efeebff00b2318bc7b4b59878961e305e5c9bba96fc1f6e69f8fe0aef46ab8e6b81f54cbddb37b493ae4bd24957a32a7bf15dfb3ba6add8ce693d569f3cd8f421993dc2e780f1ac54ee820ec5e237ad4232db07aafb1e2bceebbcd3ee6b7e26a52192d977e1bb6b481b17b9a14f5e16dbef8f9491c7555b1e70fd12a2bb9045ed33e9993fde1b170e970d5aea4b292f3d9f810c636ddcfb95c6a9c4e0e0ed8eb764e7b97a149aab45765bfd397fb4c9f55f3b7f64cb6d1b4779ddf99724a4d4232db178fa7b1325695b793835b46d69d967410362d27d5a8dadb8f8feee64be95c3023293ba7ae7d33dcb3a91d9cf397892b0773d2a3bb71ebb97933563ba9bba36a03f34c8d8b29abe28bac19b6b0354c3803de99136dc41cd3ad45d1652225d8f4a8b16b22265a474aadc59a315e23a42abb0bef461e276b67b8fd54659322c995ba1b7da1bfa8a6b31aa8c66e0fdeaadef44a8bde5712035dce0d76bef08a6e395d13a8cf3e91c1f82eb0167e1357ba574d3f8856871ed23a367cbf0c7223a15162bc44ce681611235990ac138e85ea68bf1375a4a9b599c7a6c24a8bbbddea7e8886e9807100ef5e91e192404233a4d27004ee080fcf9c108d9b021bae7674f482e3e3f92ee7a32d2b43705f52775c1fef9ccf774176a317dbea7d2bc4c4b683a6ef1ad7cb51aae854d66b2c1adf1dabb57b6e3d0654f19cdc31d06fdd6efc57b342a3a35159ded8ae31797b7076dc61357c79b95b1e65a45be364f6159e9b45467d5fa658ae7865e043937d6dbcf3e24a92c9898b0c86abda77aa68b5dc5e3b2f7fcaf0c5763da635111a34425b2f4a19ce0311639bd6146954953aeeff454c1be39dfd25d852326e3c51b31c4e4457394b4e1bc1235955d06a3a73d49ecc1f3c307dc56ac6f96d35203b35c30b367a3d83de5e869f49ce9b6b358fbf3d873d395a5cf3cb2d8ec1b39a7f0bac3d5bcac741ad7bc77e2bb566bbd5d7813523b7b8831d5026d69cd3dfd455ea4529b8ec92ba28eee29ed44e18938b6e759f8873475b566bad4b1ce19f67eb3ec23eee0cb62366277dbdfd9bb4a7d512b6b1651625d72e1ad0be28da94ec6fb1d3a8db71c571356c4ec58ab96b2216ea5469325605ed880ac9a68ba64a6a85cc12a092b2c0a2ecb2205baf7a8b9288d7a7a145c9b1133c7a3eaa1d86a9124e2377d557027508979c46e50d21aa41d10e83d0a2c89d568f0786c73a831c66fa1759ce0bb34056d2238f363974ebf412b9da7263f3a0c238c361ded0be98f9c36501ab952266c18aec21bcee69280e0fc19a3fe87047b265af38d4b5d174b54eab5e3d9eebd313e8b438df4789ebd1237a26a22ceef1f454f8c683acbe668f7fbfbf0368bd8cb89919dde96cb1c3c7505e468b56e9526f1fb5bf38be0f9cd86462b24662cd178d1aa5d1a2bf5694e35a0e94f0dd7d92dcff3e3b70c5de2cc43781c935b4eeafc74685e6d48ce9cf1cd67efcfa1576cb61af143a1b81168e96d93ec3a85cbba0e3a451e8df776e76f56b85d6691ceef095cdd82f0448735d32dd06d73758b46d5e74f5afacfea8e12e2b63fc335566adb1e5ec511d9e35dbb0dbbc5cbd9d1abaab0b6d5e9ce1e0ce5a91b32c84fce6c8d640af4b4f83d382f3ea45d0abd5cb35da5d353589503235d8792eff2bbb0ee5e9c92af4af0cf35dbb57b706629eabb3ec7ee48b0905be936cd23c0de0e2b93a4d592aab2c9ae7c08d5fb4d8831338675fe96bb9db6ddea26ba29dd7d2f2ecfd64fb87d4afb4cb9978f1a478bf02156a476a24ba145b8ae2a94b6a37a752c6db62cadac637ae494713ad34c9020d87c6a546dacc9d519ee0aaecc598fb41bc78d9354d42d71f6a1e25f455d464a919f2c3c055d565ae44c56e3d7dca35596d6205edd1bd434c952219edc46f55b32dae609c3a3f9a8275d6f2b73f5ed42d73cae1309d1630f60f456ba344c2bc3b4e6d331a13ec3ad705626750a8aec68f00ef86d5f507cc1ea203cbe14bf36854a38408c7fb372038ff06bfe560822a2c12db5ae6ad4d4ef3a4fad1cd6dfe373fc1f49a27f910ec36e9147df71c741d2bab40f8928f52796d5bb8af6f03492b88516751a9c2aaefd05737c4be17abfd7a18c5e697e39c0852d8c9b2266d479bd2dfa2e1a55dd4cdf5b7ff7707c773f12ad6c64234296969ac117691a34781dfd247485ab2c26b6bf47ee63256205d3e438c8dad778b478d5c2f5a8cf2ed451e3833583cc3716b8724ca605d83da7c61afb256d222aa43ea5e7cf38658a9383b3c8f41aecf168265758e6e23c547415c709ba52d68e1f8e0f87aae26b25afce7cf91ac496998f188fa7f25ea4f5748a787f0f9e733995e0cb9d27098ddd6d3d9fcd7368d5e5467ab2e78afcff0005e71d6575cf020c26aaf9439a7d603d13a4762edaf04af5164fea5bb8f63325d6c36ec279de9b7f79bd60e1d877ac212515d14fe9793dcf9f141ddf5967b51b30e2094c59d20e07c76859c94a8cb565973970f42d6bf5a21edc377778de144a3f7472e79ddde08b29042c25052c8d23268b44706df1e362e69526b047442a968886e33d07eab9dc6d9a365388348c478daa9a9b8d159e4c7976df31b3eaa35593aa473986f1e35851d622c8c5574b78ef55bb2754816ebde7b0a8b8b220f1a4f4f6a5c9b3de52e1a7abe8a6e1a68818ce1fcfb0a8d58b2a68e59a4ce0450409986fd06c3bd6ba3c2d562d6f465a43fe9495f633ac7001f9d932847ff8d03fc36afa43e70f7d01e070fe266e4ca69c28d1ff00c3720394e401fa341957fd1b260fe11d2ab56e9c7a4eabfb64b73d8f870781f4fa32b5087623d463ae358c2f1ac5e172d7a2a58cbab2d8d7d2fb1ec7c1f73356622c00ed22e22d1de156869f5b4596acd61e4cce51b94b9a473ab17385da0adaae8fa3699d6a0d465b62f6f3bd14c56645b10b302d368f4758f54af3e5af4dea554d35b76fed14781930daf1c9aef2c3ce1a47785bf4dad14aaf74973e4fb8c9c771ab14c849f373458e1ce66b18742a6aca0f5a0fdbf462dec66b3639857e73099822e388c0e836e95b371ad8e52f533d670ec37db1db104c1133b9ddc7c562b18c253a32e79668dc668a3ca161240aaf1e2fd3f42baaa28568dd66649b83b32d2f0e131dc662cd4eebea9d1b499527a93cb9f2fe499454b1886c53398e76e0e9753b42dead18a8dd631ddbbf5c4a295df1f526d77a4cfde6f6118756e59c2a251d4ab8c763dab9f32d6db1cf717428e0d96ded36ec37fd342ace94e8f59631dfb3f5d99129a96599232778afebe2d55eacf83e79f61da54e0477f7fd46d559292c24afcf391621e57c78a8ef54d58cb04fb9975368b05288bf7fd7b9652d1d6d5e05d4d6d27f6ac40ede99752c5d0dccd554dcc898cdbc1f1ac2a7433d86aaabde40bda7d2eaec2aae9cd668b2a8f7182dc08eaeb54ed45955e040bde2c246d9fd145a2cb6b4595fda8de01e83bea51a889b6e63ed2dd235d8aae0f61577da6ae52ae144c331f659cd3e2e57a38548f6a31ac9384bb19d538b17cf2550f44168f766dec5f467cd9f5080f98e339f2c954cff00e970f7a43b501cc32751cb614297ead9fdd0947e2d06ba2af1bc561759f87b785cfaca16e8a2b82f437a1d22e70dab47a2467172d1669afed7ce059c4d963af076f8a8af36af53a9522e3c1e2bb9e6b9c0a5899d35691e2be95c13d1feea6ede9e2bf443e256e8578fcbdadfe4b55a6d68c752bc75a3c7dccdc371a71e8c0d8734e22aaf51b36298ca8cb184adc1fbfb984a06bc4891073db9fed36a78efddb55b51c718e1e68ca5adf72b9a6e0d24e63a46f6c80274161e49d854ebbfb977a306bfb59ace05a6ae49bc565a758358dcb55252567899e29e181b30f280320f12d3dcebf6f5aaf46e2ef02eaa26ad226411ca6198d1da14b929e12cc8b38e3124d8e1d51a8e18ea37f5ad29559d1cb15cf3c43d597692f28419cccf116ea3eb75f5ae8b42a2bd3ef5b3f5e845da7d6f1e7f927e55aee7481b9c39a7b8fd056b284e749da3e0f2e7c8b3b4963e25ae88e1ce131eb0b77dfb6b5a5a8d5cbab2dcf2eedde81eb2cf144d91e7619f4386ad3a95650ab4bea587978e5e24ab3fa599311a75e9aba45835cd66e54e5f52b73ce4c9c889661dfb80af784e89fd92e7bfdc952e79f62acd376e06bdb2afa11aaa975a37e7c0b73cd8acba470dc3a4c8aa5e2f38f3dc2e61d1313be63767033d88941beabf3f7b165268817cae2354c6f2d9f4c94ba6f83ed2eaa359986c73683b7fd4dab7ac6742394958d14ee64d287a436ffa876858bd19e71772dac41c41b0ec3d87ba4b169acd1a2a8f235290e2038562a3aacf16ef578ac5159c938b475ae28e267649a2e81106e8af0bdc67cda3ec101f1dc6fc5cdc914ad2d86df7a2c36f6a221e47c5d0ded74367e1689ec17af97756d3773eb69bea2ec2c890174d3ab24ef1cf8665ca7c8cac242f461f13ab6d59da4b74972fc832622b869f1a155cf45a98b838bdf17f8fd15b1214869b478d9259ba51ff0097557fdc9a2ad22c0e69bf7c8f5cbad612d1aae7aa9f63457551834606ce89fd42c5ebd3d8d73dc5254d335e364fceb4076b009de2c531d278fe0c6546e69c4c946c19c34021c3dd756b655d6de7c0c25419a51b25bae91de0ee75bbd6b1af17b4c25419a6e811219bdbd03bb715b6b4658333d59c43a95ebb7681d8a757fb5872be689c3a4e0e0e181b7c6f50e3b72254bbc98a40c734e9efb0ed5af4adab4d5d0c36604d9482db0cb40b3dd376a2143519609f7325368b0525a6d6ed6fcb6ab427529fd2f0dcf1459b8cb35e058d893e6bc195c7aa46cd8afd2425f5c3be3ec4d9fdb2ee60b88b5a46a356e3deaaa95293ea4fb9e0f9ee0efb512148b89074384b7ddbcab3a35e9e2bc563e98f904e2f6f89331b1047483a81e4cb5059f4cfef8df9e1665f122580d9f94c8ee351d7c90af6a5517be3e7835e630e79f628743360b6e1cd76b0d3c976c9aaba3282bc5e1fea5eebbd136dc50f35d95ed0ff00aef3a914dc5759596f58a2bd9cf714979babd15033d5613a2a3a14ba7178e5c767baf42caa58a8c4c0cb1c27a41ac1f130b3941e5257e3cf3c0d14d6c306913e49dc7fca7b374d612a36eb449723abf124f9e4883a1f1c7f6cf3dabd33c33eed01f09c76be592630c5f471fdb30f62038ee46caef80ef26f350a84faa6bcad23468d55ac8f4e86912a6f559f6744a7b5da0e1f45e4ca9ca0f03d68555246eb5f3fa772bc6b3c9a354f71121a70ea2b5538b0ddb30e80b54defe7bb02a56ea3eaea529f3cd85879122c9ec5aaab25b5f9fec8b12111c3d2dfdc55f5d4beab3ed5f9455a27f693789f8c0d49f2da3cb3bc78ac50b16b22b5d5747d0f62a56d06a535acfad1de8a3481863574b561d14ad783bf3ce7628e099ad1b264375c0138587b0a46ae3ab3eabf2f7ef337456e3ce8d91586d6cb4b6a3b5a7b24b79d4ab4b3cbc578993d1a2f234a3e4578136bb3878b45a14c74a8bcd193d1e48d1751dedb411aab1b96bd24599ba72880c71c1dd055ba4d51a8d9127198d7de6602bf489e6bc08b16b233db613d8761bb510a7a93c13f12c9ca25aca603539a0e96d475e6de354d596bd2c62dc7cd165352cd5cb21806b86fd62c3b5a6a2742dbe67597f5a0a4b7acfdc28afb1db8183165ce12d2345e5a6ada2415be569d65ad4257e0f3f125c9afad167969833939b7ff00a81156d1a9617ab465677bf9f76fee2cacd5d73cf122f13173860e360f65f596edce18c96d19c278e4f7afcc727e4fb43c73c79dff00c9a91996da6568353da34facdd3583a152549d369ac2f97f6bf67c1e2435b7f946a4576274078b4600cfa8ec214c5e3ab93dcf9f3466d5b146bc4371957394ac38e6cec3882aae36c63cf3bcba9df03aef118eff00764bd58f1c7e607b56e796f33a121073de3c9dfeeccdf5a91007e69f62879131cd1c829f442660f3dbf99b88f188b979d4ea799e9d5a4fbc9649a6b9bc9358bb11e3c4e52515a9a915a336b03e928b4ed3bf1ed3a2dd0b8654bbcf4235379ba29a67235e83fca7b33567a917c39e769aaa8d645aca53756a32e8b4ee4e85fdaf9f345ba45b5178a401e94bf1003aeb53ab517371ad1e258d7ceba8e9b3ad474928e6bf05aeb632531e2b1bd59564fea271fe08b99e2e5bc66f34f9edfc30acf229890fc78b576e8da54a9bea77ad8fd9faf9136d8c941a41b0efc7c62bb2a68d0ad075f47cf6c79e7b8a381767cacac5e3ae4b8a50a7563d6cb7ed8be3c38ece288d5325c1c273d4ec341c42ca0e7a349d2a8af179af6e25756e56d35cb9ae1e36855d2f42e8e0ab51eb537e5dbce0592be6462400eb807743b56057141d95d62b6ef5fa2ae99e745a0b49f55d8f78bc695d0dca2aeb1898ca8278c4d48b08b6a78fdeba5aeeead49196b630f032705b4a6250a53cd3ac77b6c9690b48d58bc2455d26be9359e058e1238fa276dc75aea8cead2cb1465ab1960f0661f0c8d32c6d0343ad0378d4b7a72a359f57ab2e79d8fb4ab8ca39e24d94a3638674ae3ce181abac6e2a674b55de583fee5f9fdf8968cf763c0187e94376365a31d631e99d8ba1692d2e8f49578efe72e6dbc8704deb41d9916523535df94cb1f54e9b272e69a956b688e2ba4a6ef1dfb57baf3b6f11a97eacb07e458e7675466d737616e906eea37db9c32a556d83c53ef4d73deb66e7695d1a91d8499541d5ddc9781680db9d8b7769b54847575beddfb63daf6c773ee647667ebceef03ce88e90c5b54c606eafa9d7586a509b4f55e7bcc9ef5fc1d67884893a0c76fab4b882bb6b8708f6ad0e0966ce96841cd38f977e85466ce41d4c8409d1e4e357d4ab3768b7c0b415e497147397b1c4107fe243c3d26da25ac4885e3464963b1f91ef4e2e586d5cf99e7c5832707b6c75d74ed2ddb68d3bd74a77566714a367747ad46702dcebac26f1ecbdb2ac5b5c88c44e65734d34f9f2e7bcde9b76c0dacd90185d29104686b891ee382af48de78f6fbe7e3736b2ecec25e508a896ea25cc3eec40e1f992d4dec6bb31f4b7a0b4b634fc8b21bcdcd76b6e64b7c3884f428d587f7f8dff00289b4f713f28ebc1f7221e92c3d6967b24bc50bcb73f02c874e20f65fb8d7d0a8e93cede1fa0aa58dfa352c3b5e176d0b1b38628de3514b32e3e3415bc66a5cf386e36b1af199e3c5cbd1d0f4a9529ebaef5bd7baf67b59758e0668f1a751b7c48af4b4da2a0d6934f18b58f15facfb3021c0967e699dd63860715cce8aa8ba17baf07c36aed5e688d5be24e309812b4734e8c167a0d7e866e153e9960d6e7bfbf6f73da438ed250a207b7c54715c5f10d125a157bc7279766e7ce58964ae5710675bce17e3a7c74aac1a8da495e12d9bbf6bcd77949436a35f3838488fa1c428ada3ba72bc36e2b899b8a92b9a4f6f933ecdb55ad07d26e2dc5aaca0ab2bafabc9f0ed31b6af391889083aa909ca7558e1eb377d974f6aa53ad2a4efb36addcf3b8aca9a976fa9a0f696625b85edd20f8ec5df2d1d568ebd3cf9e79b9cd770c25915c5841c011b08ab77aaee82b4d1b4d717d1d6cb2dfe3bd79a2274bee894362106d91c6b00917385ce1bd77cf47705ad0c63b56786f5bd19a77cf07bf9da58f0225d278bb13a6561d37ef070a73968fd7a78c36addfaf4f356769f5659f3cf3628645954e32958ebdba0fb3d539898356d5f478548f4b4b14f35f95c7d7278948cdc7ab2cb63fc3e7c8b5e738169158b45f55841b88b8dd6586ae5a551c5defecd739afcd8bc95b03cfa4ccce7ce0266aa9edf5e58dce1711a15a508a565f4bcbfe97bbb36c5ee28deddbebced3a6ff00e9fdff00a352db8528996b86cee56b3599e7cb3675442a72fe3de24a0d06427fa635d2c7358fef59d5fa25d8cd68ff00991ed47c2d31a066c46580070d309c6b6e92d330bc3a6f384b3fcfecfa09adab94531213672f42256341be5d7bd6d093b71461520afc199a1b5c1c65cf1ce03d215728036994a62f12b0ca49b4d6397a73e4523169e199e941cd20969cc9dbea138106601d0e1a8915ae696b27678faf3d874c67179e058e84e6dacabd92e037729bd4a1548bdbe3ca659d3e1cf99410dbd8edd07fd2ae9f15e667d19810c1b21bcec85d8e2a75b7b5e64746f887b081cc8806a046d19c07e528a5c510e32e2522919a673db5ee20898da06812b74d5d63073d567b740a607b6778b757d172493a72e07a142a6b2e26c44f1e3a575c24d3525cff002b0ed3a389a511d233dfdbd03f285f4df0b9aa90968ef1db1ec7fb7fee2e6ce74edbea3aee3e34ae174e508ca11faa0f5a3d9bbbf1443c08c1799117b5534c8c1ca35a3f4cd7af2d76d88799011735e0dceedb46c2bbfa2f9dd09d37f5c3d564fbd14beab2f8ee972af1d57f8d4be6b447d7e8a594bca5b3d9966ca2946443c5978f1e0ec5e8e8d1e922e84b3cd76eee77713297565720fac4b6b4f8b41b172a5aaefcdf9cb8949c4d286644327204cd86f63c545baa75699df35b57a6dc7a78abb5f52deb7f863c31dc62bfb7c38137f2819893854f6e9c463557a455685950aae84d6abbc5e2b8adddab2fd09c35d3be7cf3c4f2de7c9b8ded368b768e8d625b3d5d23468e91055219f387afa1c6a4e9bb3c852214eb1ca98abdb02efc42e3e063f0fd33a27a95308dff00d2ff00f57b57793569df15fcfecd463ee9cccb927d66de0af5348a2e8be922b0dab73deb87aa315d756dbb1ef251b9633abce168bc816fef0e91adc172c25f2b3528fd12f27ecf9c521f5ab3cf9e796530624eabc0e4db58b4b6bd158d1316853a5e8ea2f5e3f4bf27bfb1e4f8e3b45395fa92cd79a3348e5005bce066d3ed5923a0d4d3a734e2b084959c66b07835ced59aef5b88775dbcff000ce81ffa7f8c0b69ed02528d0dd2c3398e12fca772bb8b8e0dddefde70d4b6b3b1d7141439571e4e9bf273318d15deeb5a3fccb1d21da949f03ab428ebe9108f13e368e6a730d79b37b462d35456eeaf62f0e78da5bf07f87f83df4b55b8bd9e9b4a614298742279b22c768b5ae5772784fc4cf53387876163585e01153db56eb5bbcf4fb465672b63b39e7f83351bf697c28cd7199258fb3385f8870c71076cea59b4d658adc124f3c19b0c63c56dcc70c5ae2cea735a7dd59b7179dfc2feecb6ac91973a3607e2b0f64d4a8d3e5157ae6a458ee9f2a23068ce885c3580e91dcb68c16c5e48ca4ded655e547eb47bae1d2d9156d5e1e857bcae9516624f20cea0f158d53b48aac33354c19d4ad08d9e1e0526f0c48641a749f9a7191d98a8d269756e8b68b5356563ea81ab555b3f910b0a0f595b9de8f6158d4a47d7685ec6835b52709e56767d92f6bbf02c628ee9823c55de3ad7b1a7c5d3d221556dc1f7fb32cd120fe503eb0af58b4ae1e8ef46ad05f64aebb25d65e0fd0ab5815d22c23d533d86d974ef5afc2eb5ab477495bbd62bc13b77149e45b0234da371f1d2bc7f8b68fd0e9728ac9e2bbff6bcc85f4f6118466d73709896ca80d8737595acaa5e50aebee49f7ac1f9ad6ec2af189acc8955b5b4f4775465a1abab4ca49cf5960a6afd8ff4fcd948bbc4ae98cceb3d3b343da2aaee9898d8153459d9de5b307d8dd9f84acfb1b309c76106d2661b16f1c889d8f96d07512b92a68ce1567a36feb43b76aefc576a44a9dd29f73f7234e85b8d6345758d84ee26e0bb7e17a4dfaaf6fafefd52dacc6bd3dbcf2bd2e79f457d6619aaf6e822eebe9d0a7e25a3f472e9a3964fdfd394cca94afd57dc55496573b267dd8827d0e13e9c57a3f0dd275e0e9cf1715e30ff00f3e9d8635616775b7c9fecafcad8f155ced04553d86ad2261525494272a12fa5e5d99f9668893ba5359ede7c8aa92dcd331c9bc7b2419b86c3376acef594e89d752d1aae2d61da9e5e3f95b8acf64e3dbcf3bf7932f16caa74f937070a9eceb1b42e0945c24d3cd60dfa4bbd79a2f269a525cf03eef88577e91944133ff9533c6a8d59189989e95a2cb9e6dbb81e7d4fa99d8d0a1c8f8ebe55332633fee8edcd852e90b9f4b96ad1933ab418eb578ae723e51efcd73620161991a0f3875ee5e1c55d3833e9abe71a9bf9662990f31c1c2c6194f186fad8ed9356a72d6567b7d518ce3ab8eef47ec5d161907ca344fd602f9584690378daa233b755f3cfa913a7f7224dcc895da6568b65a4099968208c0a59c79e7cac530922b75105cfded13e870ea565296ee7c195718adbcf8a35691e4dbce719ec0773a6b58a9be7f832938acdf3e656d783cd8475c8cb687196e566ad9b2b8bc91394b9f0c01886b44b5b9a4c94269e0992d49668a6970f3640735f56a77a277cb1b0d66409d212bf6a32a915e2793438b28a0e39a771915bd48de99cb4e569a6740a33a635807b3b979149eacb9e723e820f05d8571fc6d157482bd3a4afaf05c7c9dfd24cb9ad01d23bbbba805f49a6be9b43551676bfa4bd5b2f7ba2c7587d9703b2ceb5cb17ff001316b2a906bbe3d65e4c8649dce97ac08db2fa15c54e5d1ddafb649f75fda48cdb35a88ea9cdf155bbe4bb3ffe8a9de34eaaecf1c4a53cda270a272ff137a5b58eb3b979542d2a128bca324ffed9ab3fc1117894b881108b883b809ff77347ef2f4b5655343ffaa0fd70ff00c937dc629da7620f996385ed331ac198e91d2b8e2e2aadde5257ee783f277ed2277b606bd1dc3ca39be8456cc0d6091b79dd0b5f88424e842bafae0ecfb9dbff005f166549ad770d8f9f72da3b8ba1906b74324118e6d441fc4d206d2b8e768690a50c14d292e17c7fdb2bf8175770c7358787ba3cba636473819cac38c80209d6d913a97d1d969147159acbc70ee95e2bb4e09ad4961b39f4f42f8a03c0b844006a70ada75d5f957cfe8d565a3d4bed83f18be6dde6f5129aedf5e7d0d16babafd39823db6d4e1b87e52be934ca7ad4f5a1f6d9a7be2f15e5f839a0f1b3dbebcfe49c26cda5be936b074b44dbbda2cf6062bcdaf2d570d223b307d8fd9e17def8134d59b89ad0eb9b3d6916e8701c91b402dd70cae8d369a6a35964f07d8f6f7377ec9702b4f06e1deb9e723eef88889fa6d38630e013ac1703d6b8926b07b0e3acad3676a5264724e36f9594f27b7085493b08027d0b8f4f7ff0f2eef53bfe1bff00c98f7fa1f3748855912f06d1be7bd78716f067d2ca29c251dcefdcccb1b36026bcc05ae18c33583b09e90af24d4b0db8aed318b5aa9eec1f67f05709c60f25d5b3d178ac4ae07b0a9947a45759ed22fd160fe9d8cc5222407564b678823b08ea51085558149ca93c5b4684474375403dfa0674b7ce4ba2319acf039e52a792c4951e0ded6b5a311227dee6f4a994ac4456ec0f41945204ccc8c6608da03aa0b9dd4bbb1d5082db7f2259e279a45d65c4689e3daa355b5744d4b45b4f9478f4cff852bdb125b5a643a0aee86334f7a3cca9845adc7970e0ff004bef6ece92d9bea787a1cd15d73ef2800e6b4e83d0415e4a5d76bb7d0f76935aa8cd2055e3d13f55e9d0c6a5b7a5e7168d2e8d3949dbfb3eabe8b4496be8293ecf392f60a45c44f3862d27dd13eb2bcfa726a3a3cdec9a5e29a25b04f30fb43f34bbd56a42d5aa477a7e4a5f98a326f035e18945231246c12faaf43e21fd5f86296d4a2fbee562d5d102e9161f55f2da6aff00305e2684af39d3feea6ffdb8fe0adecfbc8d3790e69b9a46d00ba7fdc66f5eafc3ff00ab19c1fdd17e2d27eae46355da575cf38188553cb74104e96cc13f97a579d2c611971f297f28b49e2cf3639cd91fd5bc8d9cfeaa97a94a3d3539d37f7453effa3ff2499c7296ab4f77f3e87a0c39b1ce111a1dbaa71d7233d8bc0c67a245ed84addd2575e6bccecba551adeafdeb03529b065312b2625f8794d6ed6ba5fb8bdef8754d68b8dfbfb70bf74a37ef392bac9f77e57936bb8d7a109b5ccb4b6b6e99d60ed209d4570fc421a9a446a5b0960f87f182ee228bbc1c7710a54299247a403dbf89b2ce1a059ef15ec7c32aa9d05197daf55f63c5783baee465515a4edb715dab9f3319d5b5edbe427a6d69d53b4e0b9d5249ce84f2fc3f6797126a3bda7135e9d0e4662a0794d35d579abd9201d41f8abe80f5e9cb47a99ac3b7679deddf1dc67596528f6f3ebe27d8f1271a795292252cea28716e0e6c46022ad2ee95c6e1287565b36ef5b1f81c95e4a53ba3b8a83138371f11274f84df568ede98917b901ce52c4eb3de482585d9951617624a48b99014589bb252522eccc94585d892917624840920249644ddef082ef78f281b5b9a5c3018dc52e2eccba335e66d6968c0f589dc82ec8a0bb082ec4905d98922761762482ecc490812426ecc1082e464840929b8319b578ead8a2e4dc8492e41f7dc47be594e58d1e28dce847b101fa0901a194f22d1a932f2f47831a5679486c7cb56703240687995937eefa27c085f2a0307811937eefa27c087f2a022780b933eefa2fc187dc808f987933eefa37c2677201e6164cfd828df0da80c7985933f6181ee0403cc2c99fb0c0f70202e1c0bc9bf77d13e042ebcd4067ccbc9bf77d13e042f9500f32f26fddf44f810be5403cccc9df77d13e042f9500f333277ddf44f810be540719e39f25c1a3d361328f0a1c169a3b5c5b0dad634b8c48a3388680272004f42035b89fc9d0a3e51f271e1b22b3ecf15d9911a1cdce0f8401cd74c4eb35e940770f337277ec144f810be54063cccc9df77d13e042f9500f333277ddf44f810be54063ccbc9bf77d13e042f9500f32b26fddf44f810be54053e6164cfd8607b880cf985933f61a3fb8100f30f267ec147f86d403cc3c99f77d1be133b90121c05c99f77d17e0b3b90116f00f260ff00dbe8df099d44202df32b26fddf44f810be5406f64cc8745a31268f4683049b4c386c64f5e68080f41004010040100401004010040100401004070ce3c5b3ca10ff00ed99fe2c6406b712ec9654ff00f3c6fef424077c401004010040100401004010040100401004010040100401004010040799c22cb50e87477c78a792c150bdce3cd63749280e42de37a9c7faba38d19afab44f3eb406c338d7a69f428fee3fe7405ece34a97ea40f75ff003a03e2386dc2734ba408b1b35a4436b06635d29073dd89af9480af81bc24345a488d0735cecc7b396d74a4e2d3a2be48407ddbf8d2a5fa903dd7fce80a1fc6b5347a147f71ff003a035e271bb4e1fd5d1bdc89fc44075ae0b65f874ea3b23c3aa7539b7b1e39cc3aba4106f407ae80200802008020080200802008020080200802008020080f80e34b8214aa7f91301ec2d8739c1792d05cefeb0380226055222c71aee207c143e2ab294e5990069318c86b9309e8406c0e2a3297ad44f8d17f808097fb2aca7eb513e345fe020288dc4fe507738d10ff00e68bfc040620f13d941bcd3441ff009a2ff0101b1fecab29fad44f8d17f808089e2a3297ad44f8d17f8080a22715394a72cca39d2233a5f9a183d080fb7e2bb8194ba03e2be3bd8d6c46e6f91638b8173482d8a5c4000819ed90178aee407444010040100401004010040100401004010040100401004010040100401004010040100401004010040100401004010040100401004010040100401004010040100401004010040100401004010040100401004010040100401004010040100401004010040100401004010040100401004010040100401004010040100401004010040100401004010040100401004010040100401004010040100401004010040100401004010040100401004010040100401004010040100401004010040100407fffd9, 'INV002', 2, 2, 3, '35000.00', 2, 'Рабочий компьютер преподавателя', 'Программирование', NULL);
INSERT INTO `Equipment` (`id`, `name`, `photo`, `inventory_number`, `room_id`, `responsible_user_id`, `temporary_responsible_user_id`, `price`, `model_id`, `comment`, `direction_name`, `status`) VALUES
(6, 'Принтер HP', 0xffd8ffe1001845786966000049492a00080000000000000000000000ffec00114475636b79000100040000003c0000ffee000e41646f62650064c000000001ffdb0084000604040405040605050609060506090b080606080b0c0a0a0b0a0a0c100c0c0c0c0c0c100c0e0f100f0e0c1313141413131c1b1b1b1c1f1f1f1f1f1f1f1f1f1f010707070d0c0d181010181a1511151a1f1f1f1f1f1f1f1f1f1f1f1f1f1f1f1f1f1f1f1f1f1f1f1f1f1f1f1f1f1f1f1f1f1f1f1f1f1f1f1f1f1f1f1f1f1f1f1f1fffc0001108044c044c03011100021101031101ffc400b4000101000301010101000000000000000000010203040506070801010101010101010000000000000000000001020304050610000201030103050b07090508020201050001021103040521311241519113066171a1d1225292d253141581b1c132935416e1426272233355071782a243a3d3f0b2c263832434354445f1e273f2b3c36425110100020103040200050402030101000000010211120313215104143141f061b122057191d132a11581c1425223ffda000c03010002110311003f00fea9000000000000000000000000000000000000000000000000000000000000000000000000000000000000000000000000000000000000000000000000000000000000000000000000000000000000000000000000000000000000000000000000000000000000000000000000000000000000000000000000000000000000000000000000000000000000000000000000000000000000000000000000000000000000000000000000000000000000000000000000000000000000000000000000000000000000000000000000000000000000000000000000000000000000000000000000000000000000000000000000000000000000000000000000000000000000000000000000000000000000000000000000000000000000000000000000000000000000000000000000000000000000000000000000000000000000000000000000000000000000000000000000000000000000000000000000000000000000000000000000000000000000000000000000000000000000000000000000000000000000000000000000000000000000000000000000000000000000000000000000000000000000000000000000000000000000000000000000000000000000000000000000000000000000000000000000000000000000000000000000000000000000000000000000000000000000000000000000000000000000000000000000000000000000000000000000000000000000000000000000000000000000000000000000000000000000000000000000000000000000000000000000000000000000000000000000000000000000000000000000000000000000000000000000000000000000000000000000000000000000000000000000000000000000000000000000000000000000000000000000000000000000000000000000000000000000000000000000000000000000000000000000000000000000000000000000000000000000000000000000000000000000000000000000000000000000000000000000000000000000000000000000000000000000000000000000000000000000000000000000000000000000000000000000000000000000000000000000000000000000000000000000000000000000000000000000000000000000000000000000000000000000000000000000000000000000000000000000000000000000000000000000000000000000000000000000000000000000000000000000000000000000000000000000000000000000000000000000000000000000000000000000000000000000000000000000000000000000000000000000000000000000000000000000000000000000000000000000000000000000000000000000000000000000000000000000000000000000000000000000000000000000000000000000000000000000000000000000000000000000000000000000000000000000000000000000000000000000000000000000000000000000000000000000000000000000000000000000000000000000000000000000000000000000000000000000000000000000000000000000000000000000000000000000000000000000000000000000000000000000000000000000000000000000000000000000000000000000000000000000000000000000000000000000000000000000000000000000000000000000000000000000000000000000000000000000000000000000000000000000000000000000000000000000000000000000000000000000000000000000000000000000000000000000000000000000000000000000000000000000000000000000000000000000000000000000000000000000000000000000000000000000000000000000000000000000000000000000000000000000000000000000000000000000000000000000000000000000000000000000000000000000000000000000000000000000000000000000000000000000000000000000000000000000000000000000000000000000000000000000000000000000000000000000000000000000000000000000000000000000000000000000000000000000000000000000000000000000000000000000000000000000000000000000000000000000000000000000000000000000000000000000000000000000000000000000000000000000000000000000000000000000000000000000000000000000000000000000000000000000000000000000000000000000000000000000000000000000000000000000000000000000000000000000000000000000000000000000000000000000000000000000000000000000000000000000000000000000000000000000000000000000000000000000000000000000000000000000000000000000000000000000000000000000000000000000000000000000000000000000000000000000000000000000000000000000000000000000000000000000000000000000000000000000000000000000000000000000000000000000000000000000000000000000000000000000000000000000000000000000000000000000000000000000000000000000000000000000000000000000000000000000000000000000000000000000000000000000000000000000000000000000000000000000000000000000000000000000000000000000000000000000000000000000000000000000000000000000000000000000000000000000000000000000000000000000000000000000000000000000000000000000000000000000000000000000000000000000000000000000000000000000000000000000000000000000000000000000000000000000000000000000000000000000000000000000000000000000000000000000000000000000000000000000000000000000000000000000000000000000000000000000000000000000000000000000000000000000000000000000000000000000000000000000000000000000000000000000000000000000000000000000000000000000000000000000000000000000000000000000000000000000000000000000000000000000000000000000000000000000000000000000000000000000000000000000000000000000000000000000000000000000000000000000000000000000000000000000000000000000000000000000000000000000000000000000000000000000000000000000000000000000000000000000000000000000000000000000000000000000000000000000000000000000000000000000000000000000000000000000000000000000000000000000000000000000000000000000000000000000000000000000000000000000000000000000000000000000000000000000000000000000000000000000000000000000000000000000000000000000000000000000000000000000000000000000000000000000000000000000000000000000000000000000000000000000000000000000000000000000000000000000000000000000000000000000000000000000000000000000000000000000000000000000000000000000000000000000000000000000000000000000000000000000000000000000000000000000000000000000000000000000000000000000000000000000000000000000000000000000000000000000000000000000000000000000000000000000000000000000000000000000000000000000000000000000000000000000000000000000000000000000000000000000000000000000000000000000000000000000000000000000000000000000000000000000000000000000000000000000000000000000000000000000000000000000000000000000000000000000000000000000000000000000000000000000000000000000000000000000000000000000000000000000000000000000000000000000000000000000000000000000000000000000000000000000000000000000000000000000000000000000000000000000000000000000000000000000000000000000000000000000000000000000000000000000000000000000000000000000000000000000000000000000000000000000000000000000000000000000000000000000000000000000000000000000000000000000000000000000000000000000000000000000000000000000000000000000000000000000000000000000000000000000000000000000000000000000000000000000000000000000000000000000000000000000000000000000000000000000000000000000000000000000000000000000000000000000000000000000000000000000000000000000000000000000000000000000000000000000000000000000000000000000000000000000000000000000000000000000000000000000000000000000000000000000000000000000000000000000000000000000000000000000000000000000000000000000000000000000000000000000000000000000000000000000000000000000000000000000000000000000000000000000000000000000000000000000000000000000000000000000000000000000000000000000000000000000000000000000000000000000000000000000000000000000000000000000000000000000000000000000000000000000000000000000000000000000000000000000000000000000000000000000000000000000000000000000000000000000000000000000000000000000000000000000000000000000000000000000000000000000000000000000000000000000000000000000000000000000000000000000000000000000000000000000000000000000000000000000000000000000000000000000000000000000000000000000000000000000000000000000000000000000000000000000000000000000000000000000000000000000000000000000000000000000000000000000000000000000000000000000000000000000000000000000000000000000000000000000000000000000000000000000000000000000000000000000000000000000000000000000000000000000000000000000000000000000000000000000000000000000000000000000000000000000000000000000000000000000000000000000000000000000000000000000000000000000000000000000000000000000000000000000000000000000000000000000000000000000000000000000000000000000000000000000000000000000000000000000000000000000000000000000000000000000000000000000000000000000000000000000000000000000000000000000000000000000000000000000000000000000000000000000000000000000000000000000000000000000000000000000000000000000000000000000000000000000000000000000000000000000000000000000000000000000000000000000000000000000000000000000000000000000000000000000000000000000000000929c62ab26977c0d53cdc586c95c55035bd4f0d7e7d7bdb40c3e2f87cefa1817e2b89cefa00cacea362edc56e35acb7018ddd52c5b9ca347271746fba80c3e3163cc900f8c58f325e0f180f8bd9f325e0f180f8bd9f325e0f180f8bd9f325e0f180f8bd9f325e0f180f8bd9f325e0f180f8bd9f325e0f180f8bd9f325e0f180f8bd9f325e0f180f8c58f325e0f180f8c58f325e0f180f8bd9f325e0f180f8bd9f325e0f180f8bd9f325e0f180f8bd9f325e0f180f8bd9f325e0f180f8bd9f325e0f18125ace3c62e528b496f6e9e30347e26d37cff00f6e902fe26d3bce604fc4da6f9cc0bf89b4df39813f1369be73e801f89b4df39f400fc4fa6f9cc07e27d379d80fc4fa6f3b01f8a34df3980fc51a679cc07e27d37ce603f13e9bcec0ca1da3c0b92e1836e4f72ddf381b3e3366bfbb978007c66cfb397800bf19b3ece5d2807c66cf992f078c07c66cf992f078c07c62cf992f078c07c62cf992f078c0bf18b1e64bc1e301f18b1e64bc1e301f18b1e64bc1e301f18b1e64bc1e301f18b1e64bc1e301f18b1e64bc1e301f18c7f365e0f180f8c63f9b2f078c07c631fcd9783c603e318fe6cbc1e302ad5f1b9a4be402fc5f17f4ba00db6b3b1ee5b9dc8bd905592606b5ab6135f5daee500ce3a961c9d3aca77f601b63958f2dd722ebdd036553e500000000000000000000000000000000000000000000000000000000000000000000000000000000000000000000000000000000000000000000000000000184efda82f2a6977da038afeb38d6d790f8df253fd901c3775abf35e4be040714f2652759dc6df75b031eb63cfb79c075b0fca03ae8043de101d5a75f8bccb29b4ab2a74a030cab89645e555b272ff007981a95e403ae5dc02f5f1ee00ebe3ce8075f1ee00ebe3dc01d7c7b803af8f70075f1ee017af4062efc4075f102f5f1ee00ebe3ce8075f1e7403af8f3a01d7c79d00ebe3ce80c2f38dd518ef4b7c40aa12e4b6fd102f04fd9be801c13f66fa009d5cbd9be801c13f66fd101c13f66fd101c13f66fd101c13f66fd102704bd9bf4409c13afeedf400e09fb27d003867ecdf400e19fb37e88185db5295b75b7c34dbc4d529de036abf102f5eb9c075eb9c075eb9c075eb9c0aaf2ee00eb900eb900eb900eb900eb900eb900eb9011de404eb900eb900eb900eb9017ae406eb3797ba65be45182f4a740ad1d6c77f80075d1ee7480eba3dc036dacfbd6d79171a5dfaaf081dd675c925e5c78973ade07759d5312eafafc2f953d8075467192aa69814000000000000000000000000000000000000000000000000000000000000000000000000000000000000000000000000000000000000aa03077ecc77ce2bbec0e7b9aae0437de5f26d034dcd731535d5c6773bb18b039e7ade4cd7ec71a4b9b8901cd733358bbba32873a4e2be7039de2ea373eba8f7e52f15402d2f29efbb6e15deb6bfa1019c7466f6cb2a9fab0f1b08ce3a363afad91725cf4515f401b3e0f834db72e3f963e20a2d234e5cb37dd72405f84e9dfa7e97e4087c274ffd3f48232b7a6e1db9c6e41c94a0d38be2aed414b9a7615cb929cf89ca6dca4f8a9b5ede46045a469dcd2f49817e11a77e9fa403e11a77e97a4c07c234efd2f49f8c07c234dfd2f4980f8469dfa5e9302fc234ee693fed301f08d3bcd97a4c07c274ef365e9b01f09d3bcd9fa4fc601e91a6f992f49f8c08b47d37cc97a4fc6064b48d37cd97a4fc603e13a6f9b2f49f8c07c274df365e93f180f84e99e6cbd27e301f09d37cd97a4fc603e13a6f9b2f4980f84e9e9d62a4bfb4fc6066b4ec45f9d717f6e5e302fc3f0fcfb9e9cbc603dc30fce9fda4bc604f87e279f73d3978c07c3f13cfb9e9cbc604f70c35f9d73d3978c0bee187e75cf4e5e3027c3f0f92573d3900f87e279d73d3978c07c3f13ceb9e9cbc603e1f89e75cf4e5e301f0ec4f3ae7a72f180f8761f9d73d3978c092d33064a92eb1ae673978c0c568fa6d76c65e94bc605f84697cd2f4a403e11a5f34bd2900f83e97cd2f4a403e0fa6734bd2900f84e9cb7297a4c07c274ee692fed3f180f84e9dcd2f49f8c07c274ee697a4fc603e13a77e9fa4fc603e13a7734fd27e301f0ad35724fd2604f8569dcd2a7eb300f49d379a7e93027c274ee69fa4c07c274de69fa403e13a6f34fd26047a4e9dcd3f49813e15a77e9fa4c0b1c1c38dbb96a3c5c177878f6edf25d50562f4ad3df2dc5fda5e2023d1f029b25717f697880c5e8d85ed6eaf963e20317a363fe6e4cd3e4e28c5fcd40307a4dc8feef262fb928b5f330309e9f971758dc84bb89c93f9901616f54b5e55b4bb9492fa5a037dbd5359b7553b5d62d9cdf3a6075435fb8b65ec69a7cae2aa80ea86b7812fad2941f34a325f401bedea38571a51bd16deeda06e8ddb72fab34fbcc0c80000000000000000000000000000000000000000000000000000000000000000000000000000000000000018cef5a87d69a5f281cf7354d3edfd6bf04f9aa073cf5fd3e2da8b94df722c0d13ed1c2b4b76272eebaa0355ced0e4d7c8c76ba5fd00699ebba8b4e96dc7bd09540e4bbaaeab2fceb9e8b5f401c97f3f5269d5de6f992925e003d1c3d431618d6d4ec37712f29b849baf2d5b406f7aae346b4c7dff00a12f10116af61cd258af7fb397880e8b79136aab16315cee88232eb67ecedfce15975ce9f521e8813acaff00870e802a9557d487404389f9b1e802a97e8c17f650178bb90f45016bfa30e8402bfa30e801c5ff002e0fe401c4bd9c3a00aa4a9fbb874017897b387400e25ece1d003897b387400e2fd08af900717e843bf401c5fa107f200e2ff970e801c7ff002e1d0038d7b387400e35ece1d0038d7b387400e35ece1d0038d7b387400e35ece1d0038d7990e801c6bcc87400e28f991e8405e28f9b1e84038e3e6c7a0071af321d0038d79b1e801c4bcd8fc880bc5fa28071fe8a01c7fa2808e7fa31e80229d3f363d080bc7cf18f4201c71f323d08071c7cc8f4201c71f323d0038d79b0e801c6bcc87400e25e643a00557990e801c6bcc87400e35e643a0071af321d0038d7990e801c6bcc87400e35e643a0071af321d0038d79b0e80271af323d0038d7990e802717e843a00713f323d080717e8c3a0071fe8c3a00712f321d0047355fa90e801c6bcc8fa204e35e643d101c4bcc87a2038d79b0e80239af361d004e35e6c3a008e6bcc874054e25e643a00712ad78215ef00e355af042bde405eb1f9b0e8031970bdbd5c1ff006501cd918bd74a2e13761c6b576f656ab968c091c6ca86eccb955de0375bb9a841aa654a54f3a29fd206f866e6c68a5714b9fc9a7d206d8ea591cb08819ad4a4beb5b5df4c0ce3a95a7f5a125d0c0db1cec67f9f4efa680dd19464ab169ae74050000000000000000000000000000000000000000000000000000000000000000001b4955ec4b7b038f2354c6b32e055b975ff00871dfdf0352cdcab8b746d2f498128ee3a5cb936bf5a9f3500beeb8b5abb51937bdc9717fbd503256aca5e4c231ef457880bd5a7cb402752a8f680763ba062f1f67d660163be7023b0f9c0c5e3fe97840d528a6b63ad00254dc05da028c09402a8819248051065785052880500a000000280000000156e000005005005006c01b005005005006c01b006c01b006c01b00000003600d803600d803600d803600d800000d803600d800034028028028046805000001401401403171da038407080e1014404710270b0235b42a50050050050050094014a80e102708000c05008e355b7681385add55de6d7cc06c595950a7ed1d3bbe57ce06c5ac5cb7b2edae2eec1d5d3bd403bb1f3b172156d5c4df37281bc00000000000000000000000000000000000000000000000000000000001252514e4dd12dad81e06a1a9e465e54b0f127d5c214ebeff9a9fe6ae793f000c6b16ac4146daa537c9b6e4df3b6f781d51dc0669832bc6f9c32aae30a758f9c0758f9c075bdd00eeb404f78680c5e436c08ee3b8dc56e5f58070a0144028805100a2009202ec01b00c96e0140140140140140140140140140140140140140140140140140280d800050000d803600d80005005005005005006c01b006c01b006c01b006c01b006c01b0000a00a00a00680940140140140140003600a011a014014014014014014023402804e101c2038407080e10238ed025005005009401401401402500500500e4c883855fe6bf005725c52525771e4ad6425f5f925cca4be903d7d1759f7be2b375385f83e19c25bd4b7d366f54dcc0f60000000000000000000000000000000000000000000000000000000000f1759d46758e3636dbd725c36ebb52a6f9cb6ee87ce072e263431ed2b50f2b6b94a6f7ca4dd5c9be76075462066b6045e2dbdc01c5b7b804af300ab01c4f9c0950239018b7b00d539c9b518ef6075db828c52e902d00500b401401401402d00500000090000000b4014009017680a00a00a00a010001680006c01b000001b00b40140140200000000001b006c02d005005005005005005005008c0805014014014014014020001b006c00040000000a00a00a011ef000000001401401401b009b008d00e101c203840500945ca01a02500c6e5b8ce0e325b1a0af26ec676aef04f6f9af9c0d53572176195623c57edae19c153f6b696f86dfce5be3d007d4e9ba859ccc6b772dcd4f8a2a4a4b956ea81d6000000000000000000000000000000000000000000000000000001c5a9e7dbc5b139395385565cf47b125dd6f6203c7c7b371ca791792591777c7cc8724177b97ba075463cc06c49d02494610a6d0aa15021c9bbe5023023031606bb93493f08170edb94dde7bb747e603ae80500000b40250050051815202d005006d01401402d0000000000000028028028050140140140140140253780a00a00a0168028028028028028028028028000940140140140140140140140140140140140140140004d803600d803601405005005008c080006c01b006c01b0000a0128028028028040140140140200d803600d8018573e5e2f5f6a8bebc76c181e5c1b52daa928bdabba80b8b7d69d98aea7c389913f2b9adde972bfd1b9fef77c0fadb5723720a4be55ccc0c800000000000000000000000000000000000000000000000000c2edc8db8b6fe45dd03e6dddf7fc9eb64f8b1acc9f55fa7753db3ef47747bbde03b210d9cc06d8c69e208a0008f7800a9461192dc062d30316061203438cae4f817e76c7de03d18c5462a11d896e02d008000a800140500b4020140500500500500500500500500500b4014000000000028028028028028028028028c0500500500500500500500500500a0009b405005005005005005005005005005005005005005006c01b006c0004a00a00a00a00a00a00a00a00a00a00a0128028028028046809401401401401401401b006c01b005028079da863525d7456c7b274e4ee81cdc36ae5b9dbb91e3b57538dc8f3c40ead0f3aed8bd3c0c9971ced24ed5dddd659dca7dd9477480fa240000000000000000000000000000000000000000000000000da4aadd17381f3bac66cf2b2be1d624eb38a9644e2f65bb35e7f3a7b901baddab705185b8a8c22946315b925c806e8c5f28464821b029b006c01b00500500c65b80c2406ab92a2036615a6a2ee3def77780ea480a04d803600d80360168028028028050000000014602802802802805000005005005000000000000000000000000168c000a3e601460400000000000000000000002f2a00f7b0200015403600a00a00a012802805a6c025180a000004014014014014014000008d00014014014014014014025006c0140250092554d3554f7a0af2722cbb375c791ed8b03564599deb7095992865596e58f37bb89aa38bfd19ad8c0f7749d46395622e558cdd54a127e5464beb41d79981e880000000000000000000000000000000000000000000000795aeea9ee76296e3d65e9b50b5656fb9725f562be903834fc378d69f1cbacc9bd2eb32ae2dd29b5c9fa315b22076c22c0d94da100616802802814a044a0003096e035cb701a7abebaea82ddbe5de03d1a24925b90002d00500500500500500b4604a30140146028028028064900a30146028c05180a30146028c02a0168805100a20234c05180a30146028c05180a30146028c051811d126dba25b2bdd00bac7f560e9cf27c2bc60556a6feb4d2fd55f4b03256a3cb29bee568bc00613e182aa6db7b12ab96df958192b69b52baeaf77027b177f9d8197058f33c2c092eaa2aad349775f8c0e69dd957c9524b9ff00fca60457ae72d1aeea6bc3b7e603359106aae2e3dd4f897800d91da935b53dcd6e02d180a30146028c05180a30146028c05180a30146028c070b0146028c000a302000000000680940000000000008028000a04a00a00000000001402500500940ad59563adb2e34f296d8bee81e4ed8ca8f635bfbe04ebe58790b3a09f56d28e5a5dcd91bbfd9e5ee01f5162fc2edb528b4f62dab734f940da000000000000000000000000000000000000000000068cccab78d65dc9ba2a36dbdc92defe403e6f09dccfcbf8ade8b56e9c381096ca41efbad79d3e4ee01e9c635606d49208a02814a04005180a006062f7018b6a8073dd93a77f940df876b860e4d79537b40e802a00000500500500bb406d000000000000c96e0280000000000062d3a8192dc000000000000000000000023055e27e536f627b920336c08eb5030e294df0dbe7a39f22f1fc8155dab4970d1ca4b96af7fc80610739be1b5f57966f6a5cfbf7b0362828c6916da5cac0d172ecb6c6dfd7e59bdcbe4e503185a7275957e5936d809e470c5c6d51d36393e4ef7381cfc5b77ed5b9b03763a9b9b75f279572540ea5b820000000000000000000000047e001b39378179368128808f78100aa805d8046040002802804a00a0168028803dc040000000014025005005005005005005005181c1a8e37f8f1e4faebe90ae5b32545f9d17bd3dcd72a75e7033d2729e0652c29b6f1eef958b37ba9cb6eaf956f5dc03e9232528a6b7302800000000000000000000000000000000000000049494537cc07cbea579eaba83c2837eed8f4967493d926f6c2d26b9e9e501e95ba3e44b928b7516ea7c806c51a0195020170000990201600230317b80d52606ab36ddebaa3f9ab6b03d04ba10140500940280000000002d180a3000402d180a30325b8000000000000000000000000000000000000016a0135cbbb9501382cbfcd7e94bc6067554a2548d2892e60ac7a8b34da9bfed37f4809ce308ed7c30881c972f4e7b55631ddc3b9fcaf900c78e7fa5e94bc60129c935c3275e46db5e102fbb5e74ad125b9019c3112faeebde08dea292a2544050000000000000000000000004db5ee00a73015000234ea04a302a402880946028c05180a3014e401400040000050050050094014000000000000000001a8b5492aa7b1a0af26fd9762eb8bfa8f6c181a7231e19361da94bab7552b773cc9add2f1f700f4741d5257e32c7c8f272ac7917e1fa4a9b5771ef03d90000000000000000000000000000000000000000f0fb41ab5cb31863632e2cbc96ede3c3baf7cdf328ef035e0e15ac4c68da837296fb937be7396d94fe5033bb9b8b8ee975be25b7c9db4033b59b1bb1e2b78f7e6bcee14974b680dfc7738149d89c53e56e1f449813ad8255934b936ca1eb030cf6f9adae7aa7f480efa08557330271770039a5b5ec5cadee00f940d726e8073dcb8d6c03af12d3b76bcafad2dac0dc0000000000000005a30325b8000a012880a00000000000000000000000000000000000000000000001500e5a806f90094ee0528c06d0010088050a00000000000000000000000000000000000000000001366f01b37811ef02000000000000003404a00a00a00a00a00a0000050ad593655db6e3cbbd01e56d52717bd6f4068cce3b3721a95855bf6128df82df72cadafe586f03e970332d64e3c2e424a4a514d340748000000000000000000000000000000000001c9a966d9c5c79dcbb251845564fb80781a6d8bd7ae4b53cb8b8e45f54b16dd6b6ac56a97eb4f7c80efc8c8b78d65deb9b52dddd606bd270a2eb9991152bf75f147897d55bb73e503d36e525249ed4b7bda901e3c6dce3655bbcede464a4a37325cd4abced4652b7c1de88218c2dde8cb823952b914df15b9f531af72328cb8fa6a1d331875bc293bf66ea51c6eaa5592b7b677170b5c337b170edad36ed0e72ebee8400500c2e4f822e54ab5b12e76f7018421d5c142b5a6ce6030b93a2a2030c7b7d75d4e5f523b581e801000000000000005a30325b8055000000000000000000000000000000000000000000000000000000540008d6d01b429b40518428028c2146028c294014014000000000000000000000000000000000000000000a2a500c5ae60146028c051800200000000000000000000094028500e0d4319fefa1c9f5d7d20725a9ed525b3ba06bc1bff0cce8dafab8592eb63cdb773f3a1dc4ff0036a07d4c2719c6a80c800000000000000000000000000000000319cd462db03e6726e4756d42569aae0e1c93baf92e5ddea1fab1dec0f4a356dca5cbbebcdca079f1a6a19aabb716c3d91a6c93407ae9a4072dfc5bf3cb57ab1bf638141634db518caadb9ad928c9bad36a08e3bda6e6ce575abeed3bb714d4a1c1b2dc362b7152e24973b4aadb03762e9f936addd849c676ee34e16eeb9dd85b8c62952309bdb5defca0aebc3c58e2e25bb119cae2827e5cdd5ed6dbf915762e6036b088112ac2b5a7d65c725f56dec5dd972f46e0137b00e7bb2f0ec03b31ed2b76d2e57bc0d80000000000a028c0518192dc000c5ef02adc05000000000000000000000000000000000000000000000000002a0000000000000000000007b808000000000000000000000000000000000000000000000000317bc08000000000000000000000000006934d3dcf7857919361e3dde05f51ed830355eb36f271ee635daa85d54e25be32fcd92eec5ed03afb3fa95e93b98397ff00958be4dc7c938fe6dc5df407bc00000000000000000000000000000005501e16bd9f794a1858cd2cac8ac60f7a8436a95c9771013171ad63d8b762ca6a1054acb7c9bdae4fbec0d7a8deba943171f6dfbae9cf45dd03bf0f1618d623696da6f7dd7b581e376d356ed0697a7e3ded134ff7dbb76fc2d65dd5195e78d6255e3c8f77838cef70f9b1609e8f26eeb11938ff00ff007e5909c6ae376e434e6a55da9db8dbb376314b9db60986db5978d3735673f50b9251ac67a75cc8cb971b74e1e1bb1c8b5f2ca88261e8f63a5dae969f92fb4b1829f5f3f706d42390f1bf31e4c6cd6cab9cfd5ec0af7b9008d044a0461764d4691749cb645f3777e40a4528c1456e406a9c80c71edf5b76b2db18ef4076bad580000000000000c93402a805500aa023de055b80a0000000000000000000000000000000000000000000000000050150150150150150150150150150150150154040000000000000000000000000000000000000000000002a80954047bc080000000000000000000000000142b4e55857acca1cbbe3dc6079094a2dc64a924f681ab3acdf6a19d8abfef31557856fbb6ab595b7dde5881f45a5ea1673b1217ed3ac26ab1e703b000000000000000000000000000000e3d533ec61e2dcbb75d230557dddbbbbec0f174dc5bcfaccfc94d65e5524e2f6f576b7c6dae6e760765ebd0c7b12bb3e44e8bbdc8069d2b1ee4a52ccbcbf6d75552e68be6ef81e8ce57236e72841dcb8a2dc2da74e2695546af75596bf3f90f8796b7af64cf216a5977b43941d2c625ab0a319f2394b26edbbcb67e8d2a779a463a465cf677a233aa1b211c8b909dcf88e5dcdbfb38dbcab8e725cfe42705b76fd57b0f24efd6b989f97a2b78b4670f434bc7ed159d464a19d9597a74a514a19eacae18ed771a94210baf9383c271e5b5af1d3f6f76ad6a63e3abe9a87a5e784a051ec0310352f2e6ee2545ba1dee77df602e37c20735c96ca203bb16d2b76973bdac0d8f781000002d7929f2810000000000000064b7014000000000000000000000000000000000000000000000000000000000000000000000000000000000000000000000000000000002a8095405000000000062f7810000000000000000000002a0000000c0880a070ea18fb7ae8adfb25e30ae5849c5a92deb980e7c7bbf0bd4633856381992da96eb57dff00c32dfdf03eaed4d4e09d76f28190000000000000000000000000063726a316c0f99bf5d5350ab75c2c3b9b9ed572fadcbbaa1bd81e92527cb5aed6df4b6079cdad4b3d5ba3f75b0fcae44e4b93e9607b3e4c61fa315b7b8901c781937b3b1d6529ab362ef958d08a5293b7f9b29b9568e4b6d29b06248f974b85ee1ffc8b9d10f544cfe4ce32c7abbf4ffc9b9d10f54cb51d15c2e36ffee27d10f54bf698159baf67bc4fa21ea946acb9ac5b172f5dca9f0db8b74e1836dd3eaa8a556df3019623ca96259965c631c99413bb187d552a6d4abcc06575ee86e73afc896f601b496c544b720354e7bc0d38ff00b4c8517b96d607a6dd1018d40540000002a0000000000000324d5005500aa015402a80a00055012a805500aa015402a80a00000000000000000000000000000000000000000000000000000000000000000000015404aa015402a805500aa015402a808f78100c935400df3012ac0576004d815bd9b00c6bce054d012a02a02a02a02a02a02a02a02a02a018100aaa0502006c0805a8094632838cbeabd8c2bc492942f4ed4b7c5ecef3dc02e59b3916a562ff00eeaeae16f953dea4bba9ed03a3b3f9f7a329e0653ae463a4b8bcf86e8cd77c0fa0400000000000000000000000001e0768f51baa16f0f136e5e53e0b3cc96f94dfeaaa81962635ac6b16b1ed2a42d452af2c9f2c9f75bda06cc9b77678f7216a54b8d3e16f7540cf4fc48635856d6d7be4f9df281d3f381cf7f1d2b52958c7b572fd2b18ce908b75e5928cdf8045627e52df0f3b1f0f5df7c95dca8e03c692f231ad5b97141d796f4beb6c5e6224de63a43a52d1357a9eef8fec60ff00b2bc418716ab8baa3b10f83d9c0ebf8bf69ef91b9c3c34fcd56955bf940eb8635b56e3d65ab4ee5171b84128d79695db428ce16acc1f146dc632f394527e002b696de45f3046b8aaca536a8e5b973456ef18126e880e7bb3a2606bd3eec565493e6547d207a8dd5810001400100015000002a00000000000000064980aa023de0400000000325b80a000000000000aa02550140000002a809540500000000000000000000000000000000000000181134c08f78100000000000000000001c9dda80000008f78000000000000000000000001b406d00000bb008055b82bc8d524a1991e4ac36f481aa0f601a750b77a11b7a86326f2709714a31df72cb7e5c3bebeb203e934ccdb397896ef5a97142e454a2fb8fc407580000000000000000000001af227c16dbe57b1303e534a9fbfea19faa4dd61193c2c4abdd18b52b925df6e807b10411b12033550ac9354dac0716dee102a8613e4aa0a55006d1446f6018ba539c2316f601a6e37f281c5913693607953d41e2e429b6f86b4977981eee16ab8f7a297126b91a03ba372dcbeac93033516f6a01c12e60147cc04a3e602f0be6026de602eda01368002d4055000154000000000000000000000055502ed02a023ad36015540006d2031ab6f600a301c2c0c96e00f600a80a818bad7700a3e602adc05a818f94054c0b502540557fb20155fec80557fb20155fec80b501501501502540557fb20155fec8057fda804ac803e26b94026f940adf30136d3681006d01501501500000007b005400168c05180a302012aea05a3e6026d0000000014600000000007ce03680a30149733e802525ccfa3f201970cb9980e197300e09f3006a9bf601cf939f8b66df14a6925b5b0af99bba97be65caec7ea3f2629f32e503badcab4ee81d76a4e328ba569c8c0e5ecfdd781ab67692dfece0e391871ff0095776f0ff65ec03eb13aaa80000000000000000000001cba84652b3251fadc2d2af3b5b00f94ec64b8bb3b6a35fdb5abd7baf8f2c6529b7b5303de83ee846caa03255a016ac05405405405403602bb00c5818b0355edcc0f3f22b4680f9ed4d49c6407cd4f55cdc19f15995635db0957e75b80ecc2fe61d984b8326b61be59f951ad7ce5b7c007bd8fdaf84a3194649c5ee945ba3dbc95d807543b5d1aec9f7b6a0372ed7477f1d7a00bf8be1cefc1e30325db0873bf078c0cd76c2df77a3f2817f185be76bbb4fca064bb5f6fcff0017f175ae59bf9100fc5d6bce7d0fc605fc5b6fcef0300bb5b67cef0302fe2db5e7f81817f16d9f3fc0fc603f16daf3bc0fc603f16daf3bc0fc603f16daf3bc0fc6055dabb5e7781f8c0bf8aed79de07e302aed5d9a7d6f03f180fc57679fc0fc603f1663f2bf0302fe2bb0f97c0fc603f1563f3f81f8c07e2ac7e7ff7bc6064bb538de77825e301f8a71bcef04bc605fc518fcfe0978c07e28c7e7f04bc6055da8c7e7f03f180fc518fcfe07e3027e29c7aefdbde7e3027e2ac6f3bc0fc6055daac6f3bc0fc603f14e2f9de07e301f8a71b9fc0fc605fc538dcfe07e301f8ab1e9bfc0fc604fc578fceba1f8c07e2cc7f39743f180fc598fcebd17e3027e2cc7e75e8bf180fc598dcebd17e301f8b31f9d7a2fc603f1663f3af45f8c0bf8b31f9d7a2fc603f15e2ef6d7a2c0c7f166273ff007640176b315f2ff75807dacc6aef5d0c09f8b7179d74302aed6e3f3af45f8c07e2dc7e75e8bf180fc5b8fcebd17e3027e2ec6f397a2fc603f16e33e5feeb01f8b31b9ffbac0bf8af1b9d743f180fc578fceba1f8c09f8b6c2e55d0c07e2db1e72f4407e2cc7e7f03f180fc598fcfe07e301f8b31f9fc0fc6047dacc7a6f5d0c07e2dc7e75e8b0317daec7afd65e8bf180fc5d63ce5e8bf180fc5d63ce5e8bf180fc5d63ce5e8bf180fc5d63ce5e8bf1811f6b6c3fce5e8b027e2db1e72f4407e2db3cebd1603f165af3bfba03f15d8f39747e502fe2bb3e72e87e301f8aad73ae87e30317daab75dfe07e302aed5dae7feebf180fc556b9fc0fc6047dabb55dfe07e3027e2bb5cfe0fca03f15dae7f07e501f8aed73f83f280fc576b9fc1f9408fb576f91f83f2811f6ae1e7783f2813f1643cef03f1811f6b2df9cba3f280fc5b6fce5d1f9409f8b61e72e8fca03f1643ce5d003f16c7cefee807dae8f9cfe48fe5027e2d8f9d2e8fca047dac4ff3df83c6060fb5697f88d7ca80c65dad5b7f68df7da4068bddb1b718394ee28c56f9396c5f281e0667f33b138ddbc653c992d8dc3641ff006a40704b5dd4b529c7ae7c16eb556e3bbe57ca15efe9dc492a81ef63a6d26075a4dd12dfdc03cc9f15cedee2c6d2af5382e392d6e5b7c94fe59203ed6dfd440640000000000000000000035de5b13e45bd77c0f2eee891f78b997837563dfb9fbd852b6e6f9dc766dee80e1c8834af58945f9d6ff6917f27d6f00458deb4ff003d2fd6f27e7a046d4d3554eab9d6d0ab4952b40002a000006d012aa8046d0100d7762f7f201cd7ed712dc07919b85395528d40f9ad4b4594d3a47bfdf03e5351d0eed1be17de03c0bba667e34eb62772cfea49c7e660697a87686d552ca9b4b926a32ff793035cb5eed0c1fef62e9cf6e006b7da4ed02deed3efdb5f43027e29d7d3ff0007d07eb011f6b3b40b92c2feccbd6031fc61da05c963d197ac05fc65da1e6b0fb949d7fdf01f8d3b44b628d8e89fae04fc6dda3f36cbf92e7ae03f1bf6897f8767fccf5c0c5f6ebb43e658ff0033d7027e3bed02fccb2fed3d702fe3cd7e9fbab3fe67ae03f1e7683d959ff33d702fe3bed07b2b3d373d701f8efb41ecacf4dcf5c0c976ebb45ec6cff99eb80fc75da2f6367fccf5c08fb79da45fe0d9ff0033d701f8f3b49ec6cff99eb00fc7bda6e4b363fcdf5c07e3ced372d9b1fe67ae03f1e768fd8d9ff33d701f8f3b47ecacff0099eb80fc7fda25fe1d9e9b9eb00fea0768fd9d9e9b9eb017f1ff0068e9fbbb1d373d602ff503b49ecf1ffcdf5c0c976ffb49ecb1ff00cdf580bf8fbb49ecb1ff00ccf5807e3eed253f778ffe67ae060fb7dda4f658fd377d7027e3eed27b2c7e9bbeb017f1f7693d963f4ddf5c09fd41ed2aff000b1fa6efae04fea17697d8e3f4ddf5c07f507b4dec71e9dfbbeb80fea0f697d8e3f4ddf5c0abb7fda47b5dac75f2ddf5c07e3eed17b3b3d373d6027e3ded17b2b3fe67ae03f1ef68bd959ff33d701f8f3b45ecacf4dcf5c0bf8f7b47ecacf4dcf5c0abb79da3f6563a6e7ae066bb7bda2a7eeacf4dcf580bf8f7b47ec6c74dcf5808fb79da37fe158e9b9eb81ae5dbbed0568ed585f2dcf5c09f8f3b41ecacbfb4f5c07e3ced07b2b3fe67ae03f1e7683d959ff33d70325dbded0fb2b3fe67ac05fc7bda2a57a9b1fe67ac03f1f7693d8d8ff37d602fe3ded2fb1c7ff37d60317dbeed27b2b1fe6fae04fc7dda3f678ffe6fae047dbded1fb2b1fe67ae03f1ef693d963ff9beb811f6ff00b48bfc1c77f6beb80fc7dda4f658ff00e6fae0176f7b49ecb1ff00cdf5c07e3ded1fb2b1fe6fae04fc7bda2f6567fccf5c08fb79da2afeeacff99fea00fc79da2f6567a6e7ae03f1e768bd8d9ff33d602aeddf68bd8d9ff37d702fe39ed1fb1b3d377d7027e3aed27b1b14efddf5c09f8efb47ec6c7f9beb019c7b7dda54b658b14ffabeb019afe607697eef8ffe6fae064bb7bda47ffc7c7ff33d601f8f3b4bec71ff00ccf580c25dbded22dbd559ff0033d60307dbfed157f7567fccf5809f8ffb45ecacff0099eb00fea0768bd959ff0033d601f8fbb45cb6acff009beb017f1f768a9b2d59ff0037d601f8fbb47ecac7f9beb00fc7fda0f6563e4773d601f8f7b43ecacf4dcf5807e3ded0fb2b3fe67ae062fb79da2f6567fccf5c07e3ced1fb2b3fe67ae03f1d7693d8d8e8bbeb805dbaed2f25ab1d177e998197e38ed23df6ec744fd701f8dbb49e658f467eb017f197691fe6d8f427eb00fc61da4ff92bfb12f5807e2ded2bddd4fa0fd60325da8ed2bfceb4bb8adfe503643b43da59ff008905fa4adc7e7da06d86a1da6bdffca9c6bece308fccaa06fb5a4ea595ff009372ede6f927272f9d81f41a77677228b8612a3a53c9607d6697d9dcb52fdccdff0065857d262e97760971c783f59a8fce07a9671d24955cbb904e7f36c03a16267c952cc5635551deb9e5c97eac16ce9901bb4fd2b0f4d8dc95b52b97efbe2c8c89be29ce4b9df3732407a91548a4050000000000000000000018dc5583034a032e274de11ae6f66d49ae6039ee752f7d9857f563e203537657f869779b4063c567cc7e9497d205e3b5e6cbd39f8c075b697e64bd3978c0759679a7f24e5e301d6d9e6b9e9cbc603acb1cd73d3978c075b679ae7da4bc603adb3e6dcf4df8c09c7639ae7a6fc60553c7e553f49811bc5a7d597a4c0c7870a9fbb6dd79580ea74d75ad84ebce93031f75d2b6d7163e8c7c4063ee1a235b70a0fbf0b6fe801f0fd09efc0b5f2dbb7e2023d3341aff00ebecfd9dbf5409f0cd03974fb5f676bd501f0aecf3dfa75afb3b7e2032f85f677f8759fb2b5ea811e95d9e7ffd6d9a7ffc56bd501f09ecf7269f65773a9b5ea813e0dd9c7b5e9d67ec6d7aa05f82f673f8759fb1b5ea805a2f66f974eb2fbf66d7aa05f83766f934eb1f636bd501f05ecdd6bf0db1dfea6d7aa03e0bd9bfe1b61f7ecd9f5407c17b35fc371fec2cfaa03e0bd9bfe1b8ff006167d501f05ecdff000db1f636bd501f04ecdff0eb1f636bd50325a2766ff8758fb1b5ea817e0bd9cfe1d63ec6d7aa0168bd9dfe1d63ec6d7aa05f82f677f8758fb1b5ea811e8bd9daff00ebac7d8daf5409f05ece7f0eb1f636bd502fc0fb38ff00fadc7fb0b3ea80f81f66ff0086e3fd859f5407c13b3bfc371fec2cfaa03e09d9dfe1b8ff006167d501f03eced3ff005b63ec6cfaa03e03d9cfe1b63ec6d7aa055a1f66d7ff005b8ff616bd501f03ece6ff008758ef75167d501f04eceff0dc7fb0b3ea80f827677f86e3fd859f5409f03ece7f0dc7fb0b3ea80f80f66ff8763aff00a167d502fc03b37fc3b1dffd0b3ea80f80766dff00f5d8ebb9d459f5407c07b37fc3b1fec2cfaa05f80f66ff0087e3fd859f5409f00ecdff000fc7fb0b3ea80f80766ff87e3fd859f5407c07b39fc3f1fec2cfaa03e03d9cfe1f63ec2cfaa03e03d9cfe1f63ec2cfaa03e01d9cfb858fb1b5ea80f807673ee163ec6d7aa03e01d9bfe1f63ec2cfaa04f807673f87d8fb0b3ea00f80766ff8763fd859f500ab41ece7f0fb1f6167d501f01ece7f0fb1f6167d500f42ecef269f63ec2cfaa04f80f676b5f87d9fb1b5ea817e07d9d5ff00d7d87ff42d7aa03e05d9ddff000eb1deea6d7aa04f827677f86d8fb1b5ea80f827673f86e3fd859f5407c0fb39fc371fec2cfaa03e07d9cfe1b8ff006167d500f43ece7f0dc7fb0b3ea813e07d9cfe1b8ff6167d502fc13b37fc371fec2cfaa03e09d9cfe1b8ff006167d5027c13b375ff00d6d8fb1b3ea80f82766ff86e3fd859f5408f44ecdd7ff5b63ec2cfaa04f82f673f8758fb1b5ea817e0dd9cfe1d63ec6d7aa03e0bd9cdff000eb1f636bd50317a37672bff00aeb1f636bd501f06eceff0eb1f636bd502ad1fb394ff00d758fb1b5ea807a3f66dff00f5d63ec6d7aa03e0dd9bfe1d67ec6d7aa03e0fd9bfe1d67ec6d7aa04f837673f86d8eff536bd5023d1bb39fc3ac7d8daf540c5e8dd9cddf0cb1dfea6d7aa03e0fd9d5ffd7596b9ba9b5ea815693d9dfe1967ec6d7aa03e13d9dfe1963ec6cfaa01693d9dfe1963ec6d7aa05f85767bf8658fb2b5ea811e97d9efe1b63ecad7aa03e19d9ffe1b63ecad7aa03e17d9ff00e1b63ecadfaa03e19a07269b63ecadfaa04f86e83fc3ac7d95bf5407c3740fe1d63ecadfaa0169ba0ff0fb3f656fd5032f87683f70b3f656fc403dc343e4c0b3f676fc403dc344fb8d9fb3878807b968cb760daf421e202ac7d296ec3b697723102f53a6d7662c177a290192860aaa8d85f37d2065c78f1dd676feb3f181946e597b7aba577f952f18192761ec76a2fb8f6fce15ba1d527b2d453ef2f101be12a2d892f900d9c55de061be4973b4074800000000000000000000006aa9ae7039537bb9b6019542309be40345d039e4060ea04a806c0954046f680e201c4038805580ab0156054c0b5402a80aa9401b00540540a980a80a80a804c0b501502f100a80a816a038980a816a05e26038980e301c7dd01c403880aa5b00bc48071201c480a9ec02d409501c405a80a80a80a804c0bc4038807100e201c4038807100e201c40388071011b0150098178808d80a80a80a812a02a0388071011c9540712027100e2604e201c40472da04e201c402a062d80a80a80a80a80a812a02a062ded01501501501c4809c4808e5b407100e201c4046f6812a02a02a02a02a02a02a02a05a80033881b2dfd6415d10de06f8819f2016daadc406f000000000000000000000000734d70cda01508c66d01cf7581a25bc0d6dec0256bb80d3ef561d57589d363a6d023cac74bf7915f2a031f7cc6f6d0f4978c0bef98deda1e92f1813df31bdbc3d25e302fbe637b687a4bc603def1bdb43d2880f7bc6f6d0f4a205f7ac6f6d6fd28813def1bdb5bf4a205f7ac6f6d6fd2880f79c6f6d6fd388192cac7a7efadfa71f180f7ac7f6b0f4978c07bd63fb587a4bc603deb1fdac3d25e301ef363dac3d25e302c2f5a9fd4b91935c89a6c0d9c54d8c071a02f100a80e201c4054c0540540540a9816a02a02a0388071301c4c0558153605ab015602ac0aa6038fba038bba03880290178ff00db600e3ff6d8038ffdb600e201c4038807100e201c4038807100e201c4038807100e201c4038807100e201c4047201c7dd01c7dd01c7dd0271012ac0bc4c07130236c095604ab02d408deddff3012bddf98057bbf300af77e60237b40540540540c5bda02ac09c4038803604a80a80a811bda02a02a02a02a02a046c09501501501501501501502815302d40ca2dec037400e8801be3bc0c80cf1d26dcbe40adc000000000000000000000000d1914528f3bfa00c16e08c24069bbc8073cb781ae54034653fd84f9b67177abb7c0067bbc95b147624b624bb802ae9bd8138a5cec092b8a317294b8631557293a24973b60277a36d4dceec60ada4ee394945453744dd5ecab011bd09c3ac85c8caded7d629271a2dfe556804b57e1762e566ec6e453a39424a493efa6c0cdca5ce062ae297138cd4b85b52a34e8d52a9d376f02a9ba6c96c55e5e6747d002b2df5df4dbdfdc048dc8c9c94649b8fd649ed5df02ab89c7894bc9f3abb003924b89bd9cf5e702f2d398000030b96e171525bff365cb17c8d00b5373b509bdf28a6fbed019d40a9ec01501501502a7b00b5602ac0558178980e36038980e2605e201c403880710153d802a02a02a05a80a80ab015602ac05580ab015605e26038980e26038980e2605ab015602ac05580ab015602ac09c4c071301c4c071301c4c07130236c06d015015025405405405408e5b407100e201c40472da04e26038980e26046f6812a02a02a046c054095603680da036f300a80a812bdc01b79806de601b79809501502540540540540540540540540a80a0540671037c00e9881b62064dd00dd6152da7cfb42b60000000000000000000000003564af254b9981a5308c64069bbc8073cc0d5275034df8b959b915bdc5a5dfa00e2e24a4b74926be55501b40b5038f59c696568f9d8d05c572f63dd8422b7b94a0d2a7cac0f0751d3b58b96f26e494b26f5fc1c69413b708a8dfc6c9577aa718d389d24c0f5ede952b785a95994e33967bbadab50eaada73b4ad5211e296fe1aefde079166d6a9eedd6e062dcc3ca5a5ab57d3b71b2e795070e0514f7ca2baca4bba06ebbf178e175d0bb933ea6f4ddbc450c88ce71704e3095de1eb364d3a36b876ed03661c354b3ab64dc9d9b96f02fe44aec616d714bacbb8f6db7729f5a11945af27f3b781cdc3abdbb529e35bbd8f8d7b3336e34a13572977865626e118cae70f1b9eca73540f474db5956759cb9df779acab38d353a495a77230e1bb454a41d62b63e7037c1dab9aa372b5d5f52e51870da956e7143ca94e7c3c3c3b5d23ceaa069b72569675d863f5f6250b6edc15995bb6e5571e1eada7c54aa9392402162cc7dde7760efe2a9deebe1d4cd4633baa2d70da71af0aa34b67281dda6f5b1c0b11bbc4a6a29527f592fcdad797868074d40b502540d78eff6315e6d63d0e806ca80a80a80a80a815302d40540540540540a980a80a80a80a80a8153d805ab015602ac05580ab02a7b00b501501501501501501501501501c4054f600a80a80a80a80a80a811bda02a02a02a02a02a02a02a062ded015602ac05580ab0156046f6812a02a02a046c05405405408d812a02a02a046f680a80a80a80a80a811bda04a80a80a80a80a811b75015602ac05580ab015602ac0558153015405a815568054067103a2df201d10e4036a6c0add553940eb8aa24b982a80000000000000000000000031b8b8a0d2ded6c038e2ea9308af701a67b40d1737b0344b781836c0d1092b7056e55ac128a74aa696e7b00bd7dbe7f03f100ebed79c03de2c3fce403afb3e7aa6f022c8b096c94500ebb1e9f5e3d3b40bef367652e2e901d763d3ebc76775201ef163da469bb7adc04ebac25b2e47a50156459e5b91f4900ebec725c8ecdde520275d66adf591f95a02f5f63da47a5013de2cd7f791a7eb201ef16796e43d24047958e957ad8bee26a4fa10171f8ba95c4b85b6dd1ef49b6d540d9501501501501502d405406d01b406d01b40b501501501502ed01b40540b501501501501502d40540540540540540540540540540a80558178980ab015602ac05580ab0237b4095015015015015015015023602a02a02a02a02a046c09501501501b409b40540540950150150150316dd405580ab015602ac055818b7b40540540540540540540540540540540540540540540b50150324c0c901b2080e8801d110362032b6b8aea5f2f401d81400000000000000000000000000e19c542e38f3006d500d52de11a2e6f60689ef035b0316000c5b75de04ac8057ba05e27ce04ab015602afba04ab015900ac8056402b2015900da02ac0b57cac055812ac0a9b02d580ab015602ac0558153d802a02a02a02a02a0388071202a7b00b501501501501501502aa80a80a80a80a80a80a80a80a80a80a815302d405405405405405405408d812a02a02a02a02a02a02a046f680a80a80a80a80a811bda04a80a80a80a80a811bda02ac05580ab015602ac0c5bda02a02a02a046c0950150150004da03680da03680da03680da05a80a80028000054c0c9019a036c00e8801be206ce4036e2aace4df26ef942ba400000000000000000000000000072652a5d4fce5f301a9818482345cdec0d13de06b6060d811be6025408d812ac055812a02a02a02a02a02a02a02a02a02a02a02a02a02a02a05a80a80557c8036812a064aa02a03680a80a80a8155406d02d68bba04e202d580ab015602ac026ea065b406d01b406d01b406d01b406d01b406d01b40aaa03680a80a80a80a80a80a813680da02a04a80a80e20150150236ea02ac0710138807100e20237b405405405405405409b406d025405405405406d026d0002a046c05402605a811b01501501501b406d01b406d02d40540540540540b502a60655033881ba0074db037477819b7b00eac68d2d57cedbf4056d0000000000000000000000000001a32e35b69f9ac0e6aec03090469981cf3dec0d4c0c5b4060d812a046c00140c5ef000000000000000000000015015012928c5b6e945560715cd49c9d2c47fb4f701f2995afeb7d74d2ca70e1934928c1529f201c97bb45aec62dacd9d57723e2018bda1d727aa5db13cdb8ed46d29463486faf780f521abea6fff00933efba7880cd6a9a9fde66fa00ab54d4bef13f07880cbe25a8fde27e000b53d439722405f89ea1f7897480f89ea3f789f800bf13d47ef13f07880c5ea7a957ff227e001f13d4bef13f00156a7a8d3ff00227e002fc4f51fbc4fc1e20317aa6a2bff00913f0013e2ba8fde2403e2ba97de275f9007c5b53fbc4fc1e201f16d4fef13f078807c5b53fbc4fc1e201f16d4fef13f078807c5b53fbc4fc1e201f16d4fef13f078807c5b53fbc4fc1e201f16d4fef13f078807c5b53fbc4fc1e201f16d4fef13f078809f17d4fef13f07880bf17d4fef13f0788092d5f54a6cc99727373f7803d6353abffb99f83c404f8c6a7f789f83c403e31a9fde27e0f100f8c6a7f789f83c404f8c6a9f799f8007c6354fbccfc003e31a9fde67e0f1017e31a9fde67e0f1013e31a97de67e0f100f8c6a5f789f83c403e2fa9fde27e0f1015eada9eca644f96bbbb9dc01f16d4fef13f078807c5b53fbc4fc1e201f16d4bef13f000f8bea5f799813e2da97de25e001f16d4bef12f078807c5b52fbc4bc1e201f16d4bef12f078807c5752fbc4fc003e2ba97de2603e2ba97de2603e2ba97de2603e2ba97de2603e2ba97de2603e2ba8fde25e002fc5751fbc4bc003e29a8fde27e001f13d47ef13f000f89ea3f789f8007c4f51fbc4fc003e27a8fde27e0f100f89ea3f789f83c403e27a8fde27e0023d4f51fbc4fc0062f53d47ef130309eaba9a4e9913f001e1e2f6a3b433c3b5727993739c9a6e90dab6f3203b176875bfbdcfa23e2036435ed6789379527df517f401f516351c98dbb6ee52e55272ad13dab92807a16326ddf87141eefacb9501b2a803015015015015015028000050080cd01b23b80df6d540e8b606d4c0c955d172b03d08c7862a2b91502a8000000000000000000000000000c2f478ad4a3cad3a77c0f3d301208d33039e7bd81a981ae4062c0804015015015015015015000008d80a80a80a80a80a812a02a055bc0f1356cf94b3638907485bdb729cb27bba00b69ed881f29989ac9bc9ef5397ce070e4fd56030ff00f7773bb63fe2407b70480cd540ce35032da054805005005008d00a0140011a025100a20144028805100a20144028805100a20144062d010001cb9b9f0c58d65172ee26901c90d7b0ee2ac5ba7740cbe318dce03e318dce03e318dce03e318dce03e318dce03e318bce05f8be2f3813e318dce03e318dcff3011eb38ab94059d731ee5deae1072db46d3d9ce07a4a55dbce000a80b401401401401402500500500500500500500b401401401401402a4e805a303169d408d018b4c0d77765b93e64c0f9cc44be1d8ddf7f3303ba29500df6d55a03eb64a914b9925e003925992c4cc84e3b634a4e3ce9b03e8e334e29adcf6a02d5812ac07100e202a680b54054d500540540a9815019a036453a01d1693037c3781b501b2c252bd18bddbfa00ef0a000000000000000000000000000001e75d8705e9479db6bbcf6818b08d330344f781a581ae4062c0c5800230004015015015015015025500aa000008dba80ab015602ac09c4d01f31991e1d5e7b6be52f0a4c0f42dba500f99d4525977e9e7bf9c0f3727eab02e2ff00eedf76c3f04901edc56c036440cc0a80a80000004600000023000000000000000000001280471da046b601e76ab693b6a6d5526aab9c0f125d9bc1bb2776de55cc7e2dbc3c2a71dbcdb40bf85acff129fd97e502fe18b3fc4e7f63f9407e18b3fc4e5f63f9407e18b3fc4e7f63f9407e1ab2bffb29fd97e501f86ad7f119fd97ff00b00fc356bf88cfecbffd807e1ab5fc467f65ff00ec04fc356bf88cfecbff00d80c65d98b2f7ea33a72d2d2af8581d581a76358bf1b3638a4beb4ee4feb3fa00fa08c6880a010140000000000000000000000a800000064b70140c5ef0316046068c96958baf9a127e0607818e92c1c65ddfa181db14a807463c6b76dc79e497840fabb944fbc07959aeb7e9dc407d45aaa845771019d405403de000540540c935402d50002a03240671036c40e8b5b80df0033ad101d3831af1cfbb45f48575800000000000000000000000000000038f393572125caa8fe4da073d42354c0d535b00e7606b930306c095015023604a811b55015402a8055011b025580a812a05aec01c4046f6812a05da03680da07cdea8b8356d9cbc2fc0901d769b7c207cf6acd2cebc96ee203cccafddb02e37feea1ddb52f9d01ed2606d8c76019015015000002a0400000540800000000000000000000000001aef5a5720e12dc078f284acc9c25b127e4bee00e38f3a02712e75e001c4b9d7800712e75e001c4b9c0712e74038973af000e25cebc0038973af000726d523b5f2203b70311c13bb3d927b97700eda000230000000000000100540540540a000a800000064b70140c5ef031023039f37662df7ff2e5f3303c3b514b0f15775fccc0ec8d28075e0c53cab2bf4e3f381f4b71bf2981e5cd71e6453e592407d441ec4065501502d40540540540a980a81926a80649aa019260649b037436a03a2d01be0064dd2207a18b0e1b11eeaabf95056d000000000000000000000000000000069cc8d6c49f2c76a03cf52544118480d53dc073c80d52030604020002018bde000802a05025408d80a80a80d8046c0540540540540f9fd6925a8db972b8aa81becc95200783ac4699d73bad3f0203cbcafddb02e3a7f17b6f9e125e003db8a406c8b60640540540008c0000004600000000008f600aa0280000000000000000309db84b7c53ef818fbb58e582e801eed8fecd74201eed8fecd74201eed8fecd74201eed8fecd74201eed8fecd74201eed8fecd74201eef8fe62e8403ddf1bcc5d0802b3613aa82aaddb00d9e4818b000460000000000012a00080000192dc000a800000064b70140c5ef02018c80e5d45d306fbff00972f980f1e2a98b8ab96bf4303a62b601dfa5c78b32cece5af42a81f41764e9203cfc65c7a85b5bd716df900fa68ee4056c09502a605a8000054000a80cd6e032406480df6f900e9801b62c0ca31739282df274f900f596e0a00000000000000000000000000000000d26a8f7303c79ae09ca3ccda088f701aa7b80d12034c80c1818811b55015402a80c5b55025408d80a80a80a811b01502540540540950280000785af6ccab525bf8580b53d8a8c0f275adb98df3c57880f232bf7605b2dad56cf7a4bfbac0f6a35036c40c80016a01b0150150150255d7b804aa0154038807100a812aea03900202b7cc044d81389815480bc4038805500aa015402a805500aa015402a805500aa015402a80c5b550150000000023025405405405403604a80a8002800004a816a0501b40540b502a6a805aa023de040316071ea8dad3effeab03cb6a96b1bbff004303a61b901e8e91ff009717cca4fc007b1392a3abef81cda5a52cf837dde903e8900a80a815301502a605a815301502a0324f6019a0338f201be3bc0e8801b3900e8c08f15e72f35785ec03d10a0000000000000000000000000000000007999f071c872e49aaaefad8073d76018c8239e4069901830316060f7810054001008c05405405408d812a00080005409501501503c5ed0adb665df4c0e3c7bdb12e60393556dde8cf9e3f301e56535d58120d2d4f1df75afee480f6d303645a03300000000004aa0154047bc08047bc000da03680da0368002d4080000002adc0000000000000000000023de0006d01b406d01b408c080500000018bde0006d01b406d01b400002aa817680a8140016a02a046c09c80716abff00817bbcbe74079973f778fdff00a181d107b101e9694e97672e451f9c0edbd77f66f6819e8cb8b2ebc918d40fa04dd368000054000a02a054c0a05406480cd3406c8ef03a2280df00326f601e969f1a63a979edbfa02ba40000000000000000000000000000000000726a36f8aca9d2ae0eb5ee3d8c0f3abb00c58468901a64060d81836aa062daa81008046c05408c001005408d80a80a80a811b550255011b0156038b601e4ebcab62dcb9a5f401e5e33035ea7b616df7d01e4657eec089af8863bfd2ff86407b680cd01b22d500a000012a02a80c5ef00046c054000026d01b406d01b40014095015028001501501501501b406d01b406d01b406d015015000009b406d025405405405409b406d015015015025405405405405402605a80a80a8150150140012a0008dbdc80e1d59d302e2e56e2bfbc80e0bbb23639901b61c8c0f574e87eca73e76901b3224d469ce077682971dc97324be703dae27502a7b005501926a802a0000150140a80c9019c501badada06f8f281ba20649394925bdb497ca07b708a8c5456e4a8154000000000000000000000000000000000063721c76e50f3935d20785b53a6ea6c6bba057b8234c80d13d806b606b6f6818b6000c5d40000200a811b0150200015404aa023de04015402a0403ced753f734f9a4aa078b8edfca035055b107caa4078d91f5181153df719ffcc4ba54901ee45ec406680b5d8054d816ac055811d6a04da047501b408ea04da03680da03680da03680da03680da05a80aa0200da03680da03680da05a80a80a80a80a80a80da04da03680da03680da02a02a040003680da02a04a80020153402a000805015028002a602a054c05405405408d81c1abbff00b44b9e70ff007901c375fee6bdd037437203d9c08d315775b6c0c32a5e5500f53418fece6f9dd2bde03d502d4001926a802a80c930005028150192036440dd6f781ba006d4d01d3810e3c94f7c60aafbfc807ac140000000000000000000000000000000000003c6d421d5e53a7e72525f481a388235480d330354981ad818811813680015023602a040002a80954046d54095023602a04a812bb40b5038757a3c1b95e4a35d280f0719bacbbe0679bff88df334078994d757f3018d7feeb1bb9763ff00101eec5819adc05402a05a80a811b025408d80a813680da03680da0006d01501501501502540540b501501501501501501501501b406d01b406d01b406d01b406d01b406d0150254054054054054095402a805500aa01b005500aa015402a805500a80a80a816a02a05a80a80a806c0f3f5897fdbdbeedd827d2d81c77a9fb2a777e8036c2407b98e9c71adaee57a7681cb952a5c8a5cad7e503ddd1a3c38b5f39b6be603d0a804c0b502d400192744054c0a05406480ca206c881badef036c5819a607aba5dba587729b66f7f716cf181da1400000000000000000000000000000000000038357b75b31b895781edef3fca07949844901a64069901ad81008d812a046c0540800055012a808f781008c054080008c08000e6d463c587796fa45b5f26d03e6ec3fdad00df994f73b9dca3f081f3f92da4d8125722b27193925295e870c5b49bdaf72e503de8c9ba019aa8155406d01b406d023a80da047bc054054054054054095a00e240000000000000005aa01c4800100a9a0150150150150150150150150150150150316dd405580ab02a602a8055018bde0008ea03680da036812a02a05da03680da0368153032aa000000000daa01e7eaed75565723bd1f0293038eecbcab4bbff401b2dbdc07d125c36a31e5515f301c179f15d7cb46a807d1698a9896fbd5e9da0758150140a80b5000649aa019260368192032406c8ee037db0362032a395231facda4bbef701f4366dab76a105f9a920acc0000000000000000000000000000000000000185fb7d65a9dbf3a2d01f3956b63546b635dd5b020dec035480d5203530316c08040200aa025500aa0236aa04a811b015023604a80a80a812a02a04ab0356551e3dc4f962c0f95b6e97953940ebbeb8b12f7eab03e73265e4baf3540f9bed4dcb567b51d97b976e756a1913716da4abc50dedf26d03ee9ea18317e565594f7d1dc82fa40db1cbc6714d5e834f73524d0187c534cad3df31eab635d6dbf181b239b8728a9c6fdb707ba4a71a3f9409f10c1e5c9b2bfea43c60167613dd9369d79a70f1818cb51d3e2ab2cab315ceee412f0bee013e29a652befb8f4ad3f7b6fc6047a9e9b4afbe63d39faeb7e3023d534d5bf371f6eefdb5bf5809f15d3295f7dc7a73f5b0f1805ab696f766e3fdb5be4fed017e29a6ecff00bcb1b777ed61e301f13d37ef98ff006b6fd6023d534ce5cdc7a6d55eb6df27f680cede661dc8f15abf6ee43771427192e94c0b3cdc4b70e2b97edc209d1ca538c5579aad81ad6aba636d2cdc774dae97adfac01ea9a6a6d3ccc7aae4eb61e300f56d2d6fcdc7fb5b7e300b56d2dfff003b1bedadfac05f8a69b4afbe63d39fad878c07c4f4dfbe58fb5878c07c534da57df31e9bbf7d6fd6027c534cfbee3fdb5bf5807c4f4cddefb8efbd76df8c07c574cfbee3fdac3c605f8a69df7cb1b7fe6c3c604f89e9bf7cc7fb5b7e302fc534dfbe63fdadbf580af50c151e279369479fac8f8c0c7e2ba6fdf31fed61e302ad534d6e8b331fed6dfac055a860bdd9365ffd48f8c08f53d356fcdc75ff005adfac045aa698ff00f9b8ff006d6fd602fc4f4dfbee3fdb5bf580ab50c097d5cab32ef5c83f99811ea5a7c5d2597662d723b905f3b023d574c4abef9629ff00f2c3c604f8a698ff00f9b8ff006b6fc603e27a6fdf31fed6df8c09f14d33ef98ff006b6fc605f89e9bf7cc7fb5b7e301f12d37ef98ff006b6fc603e27a6fdf31fed6df8c07c534cfbe63fdadbf180f8a699f7cc7fb5b7e3027c4f4dfbe63fdadbf180f89e99f7dc7fb6b7e3027c574c5bf331d77eedb5f481b219989355b77eddc8d5ae284e32555bf6aa8185cd4302dcd42ee559b736aaa33b908ba73d1b4063f13d37ef98ff6b6fc6016aba5fdf71fed6df8c0ab54d31d699b8ee9bd2bb6fc603e2ba5fdf71fedadf8c02d574c7bb371df7aedb7f4819fc434ff00bd59ef7590afce0579f8314b8b26d2aeeadc8afa408b56d293e179d8e9eea75d6fd602ad574a6da59d8ce9bff6d6fd600f56d293a7bf63edff009d6fc60650d4b4db9350b7998f39bdd08ddb6e4f97624ea0652bf616fb90f4901c3a85cb775d8b76e719cbace2718c9374516abe103972138ced577d1fd006dc775b905c8da5d2c0fa39ec5de5403ce93f2dbe403ea7122e18f6d6e6a29303755015301502a6a8054000a80ce3b80b502a606680d91dc06f830334f601d7a65beb72d557936d7137dde403dc0a0000000000000000000000000000000000000000783a9d95672dbfcdb9e5ae9f280e472d806b6c2309354034c9818b6063500046f68100800030201180023de0400046000011be6035dc5584973aa01f26bc9bbde74fa00ed7b6c5c5cf17f301f3196df04bbcc0d1ad6059cbbf8ceec233ea949c5c926d36d6eaf780e7b9a061dc8373b3094b85a4e4a2dad9e0037e99871c4d32d63a5456a0e0bbcaa07e199aad4b2f224d275b9375e7ac981fa8767631fc27a6d12e156766c5e7cbc407b387d95d2b2312d5ebb04ee5d8a94dae77b40df0ec5e8ca7192851a7b1aad40fc2f53c9bf7326e59bf38e5a8dfb91566ecd28aa3952ababfd103cb56a32c987fdad8aa6df5558f57f569bf800db1c0baae71bb38ee1c6e5c1d6ec50e1a286c8723da06bb16adbcb4e38d8f351e2fd9b69416edcf800df774b8e4de8df95bc7b33b5c3d5d983528cdf1372abe154e603a15a8ff000fc2afebc3fd36073c74b8dabef2a3671e6e6e4a58d269422abb385f0baeee60374ecc1c1c7dc30a2da747c71d9dda7560618fa6dbc38b846de3e4c6547c5765c2d34a8f670cb601e8e26adac615896360ca18b65d65d5d8c995b5c525472a420b681a6f5fd6aec231cece7a9da718ca5632f22528466b9631929a7df0396f61432a11b12c7c5c7839273bb6e49ca8b6d387816f0246d431719465898b7d5a5452e35c524b76ce07b69dd039fdfad3ff00e96df79c557ffed81bec4ed5f849ad2f160e32a52e38c65babbbab039e7661ef4ab8b8f1da9ab558f03745f9dc006cf875ceb5dc58f8cab714d415e7c3c0951c29c14db2dbb80c236edfbe7fe2e3b756faaac7abdd4fadc1f401daad429ffadc2f4a3fe981a32f498e624a5671f11423270569a971cbc9a297931d8077e0e9599a8e6470f0b49c2bb937139420a705551556f6dbe4480edb3fcb0ed5dabef256936672b8e7c78ee76fab8a6d5385d37ece603832b06fe1e55dc4c9d2f0ade458970dd839c2a9d2becc0d5d5afe1d83f2ce1f45b0342c4baa6a6f1b1db53727077bc9e192a28d1c69b3bc06d766afff005f85f691ff004c0752b974ec2fb48ffa60699e9d395c7909598494a3c38aa5e438a493f2f87e80372b2b7fc3b0bbdc71ff004c08ed27ff00d6e17a71ff004c07531fe1b85e9c7fd3030bb88ef705b5671f0e1c559dcb525274a3a793c115bc0cb130aeca56b1a3878b957ee4fabb529cd27372970c77c1d2b5e703d8bbfcafed6debd1bf2d2acda959a7576613b6e327c557c4d25dedc071ea7a1ea1a564471b3f49c4b37a50eb23194e0eb16daad7abe74072754bf87e1fa70ff4c08ed469ff00afc3afebc7fd3038efdb8ac8db8d8f6eaa34841ae16f6ef975606c9615e759ab18e93945ab7d6a49452f2a3f57940d2ed5b865493c5c775a52dae1eadec5bdf07fb303ba3623c2a9a7e1fa50ff004c0bd42fe1f85e943fd3035474a875fef6ad63a9a97fe326b83878387eb28f3edfaa06f76da55585889f2796b7fd981cd0d3d62467c10b191c705c4ee34b86493dde4cb66d03bb12f6b5878f6f4fc0ce9e162427c4e76af4edc9a926dae08a4b6b7ce06bbb3cebf2e2cf8dad42f46a964e4de73b8e156e29b9c64d513dd5039afe9def32573831ec3b2bc885b92929bad7caa45516c0363b317b7dc309d79a70ff004c0e3bb6611cbabc7c7b6f863484785c5d1bdef83e80364f02f4a6ae2c7c78d671938abb48f070d2504b879581ab83a9ce9385ab36ae3a2b6adb8f0af269f5b8367401e85acad4e128ce372119269c64af4151d767f8407e85fcadbd97a9e7ea53d4e51cb566d5a569c9abaa2e72937f9b15f9a07a7dafecae9b9981aae42b5084b1b1a77230518a8ca56e0ee2aece7881f863859b97eed6166ca4a1e4c2504b6a7cb28a03a7171ac4a32e171935cdc125fdd03af4dc5b7f14c79468a5193a529e6b03f78d3f4bb72d37126d26e762d49d79dc137e103af46d2f1b1355eb2dda8c5dcb735292493e47c9de03d0cfb9fb5b5b37a97ce80df811e3bf697e92f001efdd9ec6f9ab50382d52738c695e26bc207d6db54824064054000a054c0a0540649aa0140a80d9103647701b62c0cd6ed807b1a358e1c795e7f5aebf047678c2bd1000000000000000000000000000000000000000001e76b7678f1a3712db6a556fb8f63fa00f1135403161184c0d32031604aa0316f6812a0401501c4046c05409501502540540011bda0008c0954060def03e532170e4cd7229bf9c0dd7f2f131312e64e5de863e3db83776f5d928422b72aca4d2de07cddfb91b9678e0f8a138f1464b734d553037e4ae2bd6ff0053e903625554ee500fcfee7f31733dee5a662e02bd95272b569ab892949a7b76c7e903e267d97ed3524d6979527b5ecb52926fbe9500fbcc0d2357c7d331f195bbabaab51870a6d51d2ad52bcec0fbbd2a2e3a662c65b251b50524f9d45260756e03f24ed469976de35c57b1230b0f21b8de514a7b6727f593e503e5f1b46d32e6ad6e579cfdc9f15126f8ebc2fb9ce07b33d13b2ca0e9d7f715581e6e0e87a4cb58baf21dcf726a5d528b6a5b3877ec03d69f673b1edf1b8df725bbf6925b9d79c0e67d9ac6ca9ca7830beecee4f6cb6ef6ebb40c176264ae759d4dfe3dfb9d36f72807b1d97ec0e0666ad3b5aad8bb730e366528c2558a73e28a55745cec0cbb6ffcbed3b02cd97d9ec1b91bd28c9b8c24e55754b6d7b8d81f17f85fb5f4f2b4fbbbb6f931030b7d91ed55b6dc302f26f7d527bb9ab5e703ee7b05fcbec1d43132a7da3c2b92bf0947ab84df0d13ad777780e3fe61f653b3fa15a52d3accac4e76e32b7152938f1f5b493db5fcd03e15ea595ede5d2076686ece6eaf66c66cdcb1ee29bb946a2fc98371f2bbe80f66e767f497ac5b51e3785c2dcbcbabe2a3dd25dee703bde8bd964a9fb6e25be929500f3ed685a1fc5a529759ee3c3b155f171d12df4ef81ebc744ec9f0eebddcf2a4079f91d94c1cdb927896ef4ecc7c9a2e27b5efda80fa1ec1f67ae60f69ece4ce1762a36aea4e69a49c9537bee01fa6a6f896d7d207e53dadecbddcaed2e7e4c617786f4e32ac5369fece2b7d181e47e0fbde65ff0045f880bf83ee72c2ff00a2fd501f83ee57ea5ff45faa03f07cfccbfe8bf540c1f62971f1f577f8b9e92f10192ec85cf677fd17e201f8427eceff00a2fd502fe109fb3bfe8bf540c67d8c738d256efb5bf735f3440ecd13b22eceb3a75d76ef7059c8b53f293a2e19a6ab55ce80fd8db4f76ea81f9cff0032343b9a86bb8b7a11b8d431781b82e2ff00164f99f381f2bf84af7b3bfe87ff00a81ab23b36b162af6442ff00529f9758d29b29be880e4bfa4e972d42c5db2e6b1e91ebd36dbdefeaef03d6b7a37661c3ca57ebb69e53e5f940f3afe85a3ad6232b6ae3c0697589b7c55e196e6fbb403dab5a37651c55617bbbe530392e765f16fdeb92c28de7613f252ac9eef940c1762bf68ee7557f8df2d25dedd403dbecc7f2fb48cdcac88ead8b72edb8db4ed71b7155aefdc80dbdb2fe5be818ba7465a462ddb793357146369f1f14b81f029296e5c5ca07e7b2ec976b250e09e9f7da4ebba2b6f7d3036d9ecc76b60e117a7de76d35c5b235e1aedda07e99a1ff002cbb2991a558bd9d8329654949ce529c94abc4d7cc07caf68bb238ba76b394acdabb0d2ad4a2a1155694656e2df954f3981e15ed2705eaae569cfdd696ddcad6b4754e9d007bb6348ecccd797d777eafc607990d334fb1da2eb6c297ba5b9a97975937582e4f940fafc0f71cbcfc4b76adc6aa4e534e092a28bdfd007d3f64b274ccb9e6ded3efd8bf6a3d5c272b0e325c5b5d1f072d181d9910f78b7a9e370cae3bd6656b863172faf6e51e44f9c0fc2ad7f2d3b7f625376b47bf1e2a26e96dba4762df34075d8fe5e76f651975da4df6ebe4bf217cd2606dbdd8cd6f48c58ea7a8d89e2f5773815b9c77f12a27c49b5f201fb569dffadc3d94a58b4a9de8203742fe3e3e4c2f645c8dab5f538e6d463c53a462aaf9dec02ea5557ecf22e16fa581d7a4aae543b957e0607b1912fd9cc0d1811e2cbb2bbabc007d62a500a050150006480a0368140c93e4033406680d910334c0ce1195c94611fad2745f281f5166dab56a16d6e824ba02b30000000000000000000000000000000000000000018dd846e5b9425b54934fe503e4e6a56ee4adcbeb41b4fe46062d846126f681ad818b606b6c0c5d406d01b408c0800000015020002300046dd00c5b74025408d81f2da97939b757e957a40f13b7d655fec2eb507b698dd625ddb738cffe103cdd2af75dd9ed32eefeb3131dbefbb51a81e9f5aaeca324b72a01be3ce068868ba3a929ac4b4ae2daa6a294bbbb40ecc78415a828afabb17728066e315b95004524a8951730140f1bb57a7deced23a8b36fac9f5919516c7449ede403e15f6273bde1df58973ada70efd94dfbab4036bec8eaed53dd67e0f181a6df61f51b7912c88e25ceb66b85edaa49771b03a7f0a6ace2d3c59d5eedde303ec3b25837f0747863dfb7d5dd539f145d2bb64da03d974a01552804a2e602ece6404a2e6403bc80f96ed968d97a8e462cacd977a36e13572893556d53781f38fb21a92dd84fa22045d93d513afb935c954a29f8181a65d88d4257a37fdd2e71c6b1494b66ddfb3880ddf84f58fb9cfa578c0d4bb17a82bfd77ba5c5729c2f6aa53bd503a5765f58a7fe2ce9cfb3c607d5f63b4ec8c0d3eedac8b5d5dc9dd73a3a36d512e4a81ef6cf94072805402b4a9b1018ece5de05f2405100a20316957700a2e602ae1a017c902793b80792047bf93be000f33b4b873cdd0f2b1ed45ceece3484573d501f9f4bb0da8caec2e4b16e71db4d2a3a553d9b93a01bff0009eb095162cfc15f9c0d5f827529642bf2c4b8e6970d6b454ef27403aa3d96d562a9eed3f969e303ea7b25a76460e3644722d757294d52b475545cc07bc98129b6bf20069728054ee74016bdee80236bff00c01e7768712e66689998b6a3c572edb718c56f6dee03f3db9d84cf95d85d78971dc82a553a2a6ddf47b7781d76bb33aed98b8dac7bb18cb64a29ec6bbaaa068fc11a84affbc3c3b9d6d3877eca77ab4f001db8bd9cd6ec5c8cede35cb6e3ba4a89f4d40f43f965d9aceecfe99a8e3e6414277b31dcb347c55b4adc631f97781f51a5affbacb9537b8ef03d3ab015a203e23f9b2e4fb3104b9726daa77c0f7f122a38b6634a70c22a9de4071f68346b1ace957f4dbf395bb57f878a7149b5c3252e5d9c8071e8fa5fc2f16180b22ee4c2cb970dcbd2729524eb4daf72a81f53a255deaf2463f381e965cdab74e77b40cf488a9e642bf9a9bfa00fa65b80a0540006d02aa81768155402a8192a819c5b033406c8b033e2d8077e8b67adcbe36bc8b4b8bfb5c815f42000000000000000000000000000000000000000000000f9ed7ec757950bcb75d5b7bf103ce52d8118c9ed035b03093406b6c08d812a02a0000000046f680a80a80a811818b6046dd008ea04e4031607ce6b69acd93a6f517e003ced6ad2c8eceea7637f59877d25cedda9500f91ec8de777b1da4cb9ac283fec370fa00f7b1bf7680ea881b63bd00b327d5edde9c9785819b90113d805aec02716d01c5dd60474e401b3e502576804f6806f6005202f1012aea054f6006f66c031abe5015403600d802a80c94b60138b6816bb40555407100aa02b7b00c4001535402d5018bde000000000095015015015d804af740713e7604abe7602ac05405405405405405409501574a3604d8054f601530236c0d1a5bfda643e797d007a1501503c2ed5e263e663e3d8c8b6af5a7778bab6da558c5d1eca01bad4e4adc5754d2a6e4d53e70327724dd1c5c79aad01c55ae44ffdb900fa0d116cb92e651407565cbc9a57940eed0a2a57a52a6e407bc9b0324f60153d805a812a05a80da05a815302a606716c0d8aa06680bc545b762e703e9344c7eab0632e5bde5bef6e5e00af40000000000000000000000000000000000000000000001c3ace375d8336beb5afda47e4dfe003e5930839018ca480d72680c1b02018b7b40540540540540950236ea02ac05580ab0236e804750272011d68047502303c0d7e34bf1973c37f780e2b715731e76dede384a1e945afa40f81ec2c9c7b2d8f665bec5dbd6bd1b8dffc407d3e37d403a620669b02db74525fa52f9d816a01b025405405405405409501501501501501502a602bfedb0000000000000000000280a80a80a80a80a80a80a80a80a811b025405405405405405405500aa015023604a80aa015015015402a805408d80a80a806f601c76ee4ece35fb969a53f2e5b5553714e9503cac0ed26ad7ee5b8cd5b509d6af81f241bf3fb8073e5769fb411c5b77ac42c4529277b8e127e4b74f26935b7681eadfbd7726c615cbcd71ca92692a2ab83ad00eae249516e0319497381c50fdf49ff00b6e03e8f48a471a6f95b4ba101b3225e5a03d8d022bab9cb96b403d6a81530324f6016ac05580ab02a7b00b50080c9019c5ed03645819a606ec6b12c8c8b7663b1dc746f9972f800fb18a49249512d89050000000000000000000000000000000000000000000000693de07c667e37ba65dcb1c91758feabda8239ea06326060da0236062e5b00c5c980ab015602ac0c5bda02a02a02a02a02a046c095015d804a818b60472d80789da04df572efaa81e6e3dd8ae1aba6d03e6f4ed12e69562ee2b9c6ecafe45dbd6f82b48abb2f26357dedbb00ea86658b37276a75e2b727196ce54c0df1d4713bbd0066b50c4e792f900d32d4b86735087142adc655a375604f89ceae9696ceeb111924f8a4fd92e963060f89cfd9ae96301f139fb35d2c605f894fd9af48603e253f66bd2027c525ecd7a4c07c525ecd7a4c07c4e5ecd7a4c07c4e7ecd7a403e253f66bd2605f894fd9af4980f895cf66bd218156a5729fba5e93180f89cfd9af4997023d4e75fddae9fc83023d5649d3ab5d2fc44c07c527ec974bf100f8a4d7f84ba5f8809f167ecd74bf100f8b3f317a5f9007c55f991f4bf2017e2b2a2a423bfce01f1497b38fa4301f1497b35e97e4180f8acbd9ae9fc803e2b2f66bd2fc803e292f66bd2fc81327c527ecd7a5f90193e293f66bd2fc80c9f1497b35e97e4064f8a4fd9af4bf20327c527ecd7a5f90193e292f66bd2fc80c9f1597b35e97e40651eab2f66bd2fc80ca7c565ecd7a5f90193e292f66bd26157e292f66bd2027c51f98bd2603e28fcc5e9301f157ecd74bf1005aacbd9af49f8807c55f991f4807c524ffc35d2c03d4e7ec974bf10c09f139fb25d3f90603e273f64ba5f88b817e253f66bbd57e2180f894fd92e9fc84c09f139fb25e93180f89cfd9ae96301f1397b35d3f9008f5397b25d3f90603e292f64ba7f20c193e2737fe1ae9fc83024b53925b6dadbcb5fc8306115cae9f725cae171f0d79ea41f3b8da828dbb3176f81a75ad7b8d6ef94a30b9a87fd8cf1a56b865c29715776e7cc80f5ef65db50c549ec8beef9a06df885af3bc0c08f3acd1f95e060656549db85f4eb0b9294577e293fa40fa1d3ee461871ab5b5d5fcc05b9778eeec03e8b458f0e24766d9b6df4d00f42a01302d40b501501502a7dc0150328b40649a0334d019a680cf8a8bba07b5d99c694a7772a5b97910efef6c0fa10a00000000000000000000000000000000000000000000000785da8c4adbb79515b61e44df71ed407cea934047208c5c80c2520316f6018d405405405408d80a80a80a80a80a811b015023604a818c9818b60799aeaae345ae4607c5eab973c676e49badc9ab718aa55b7dfe603b74cb3917ae42f5e4928b4e8df95ce95101e4ea145a9e5aff992f9c0d5193032eb28809c529b693a5155b430443c6d6b8ad5cb766cdc719d38ee34dd68f72fa4f56cd1e7debe1e771e6bff001e7e933af1438f2c9c79bede7d2c71c272caa9e6fb79f4b2f1c1cb2c95ccefbc5cf49f8c7141cb2aae667b7bbe932f0d4e5965d6667b7bbe90e1a9cb65e3cef6f3f499386a9cd6553cda7fe44fd26386a735d78f369fbfb9f2498e1aa735d54f329fbfb9e931c35396ec94f329fbfbbe97e5351b5539acaa5994fdfddf4bf2978aabcd764a599edee7a44e2a2735d78b37ef13e92f150e5baa79bf78b9d2c7154e5b338bcdfbc5ce91c55396ccab99ede7d238ea735d92966fb7b9d25e3a9cd65e3cefbc5ce91c75eccf35992b99b4ff00c89f4938ebd979a5929e6fde27d25e2a9cd2aa79b5ff00c89f48e1839a5971e6fde27d24e1a9cf6ee7599bede7dfa8e1a9cf6eeaae66fde265e3aa734af5b9df7898e384e695ebb392fdfcd8e3aaf358ebb3b7f5f3ef549c75ec735857f37db4fa4bc7539ae75d9bede7d238e0e6baf5d9bede64e3a9cd73aecdf6f31c75ec735d8bbd9b5fdfcfa471d4e6b1d766fb79f48e3a9cd647773bef131c75ec9cd63adcefbc4c71d7b1cd662ee66fde265e3af65e6b3177332bfbf9f48e3af639a51dccda7fe44fa49c75ecbcd64eb737ef13e91c75ec73598bbb9df789f4978ea9cd2c1cf3bdbdce91c70734b194f37dbcfa49c755e6b3172cd6bff22e74b1c75ec735985733dbdce9638aabcd74ae67b7b9d2c715579ae7166aff00e45ce96386a9cb662e59affc7b9d2c9c34396cc5bcdfbc5cf498e2a9cb662de6fde2e7a4c7154e5b27166fde2e7a4c9c3539ac8e59b5ff00c8b9e93270d4e6bb173cdfbc5ce9638a0e5b239e6fde2e74b1c50bcb663c59b5ff00c8b9e931c7046ece5bf0ae5c86547de2e4ae5a93e19713dd5e55f298dcda8c3a6def4e5ee64dabb8f6ab0db6e35524fbaf7ecef9e298c3d92e6c58d8c994eddca2bb1da96ef27b9ce07a30d1217128dca703dd25bd01cd91a75db165dce24e29d1c76ecdb4039d57940927b181ee6916dded17856c9ab92716c0e0cad4f26d4a2a516adce71b6a4a944dba6d03dcc36f8229bad3940fb4c17c18d696ef2501d1d60178fba05535401c68071017880aa480a981926064a406719019a9015372928a55726928adedbd807dc69f8ab1b0ed595be31f29fe93dac2ba00000000000000000000000000000000000000000000000006bc9b10bf62e599fd5b91717f281f05936ee63df9d8b9f5adb717f27281adcf60460e404720237b00c78807100e301c680c5cf680e301c405e2404e301c6047301c6b9c0c5c900e2404724062e4a8071eab153c1b8f96347e103e2b2f07232b3f15c2df159b0e772e6d8af29c5c63bdfe93037e36a58d6a7762e547c5b23bdd2807939117732afde5b15c9b6abcc062adcb9c0938349ed037d9b7d55a7727b1538e4fb891aae6573d1f37932ebafceecb7ca4daef722e83df11d1f36d6ccb156aa56592b6d6cdfdd03251ee1611928ae628286dddb023250ee0c8bc1dc2e4c2a83a6e1930cd41f313261543b85c8aa0f980c95bee019757dc02f57dc0328c1731465c1b76221d597565cca2a8770b94c3250ee17242a82e619192b7dc20bc1dc02f02e628702e601c1dc190e0ee0c8aa3dc193070f70653070f70654e17cc321c0c643ab6321d50c983aa19309d5a190ead0c88ed13223b5b46462e1c94a8c8c5c3b8332611c3b8518b86ddc0470ee0c9862e1b370c98961d5ae626553abee0caa387709918b86ddc4c89c0f98993ab17075dc53aa386ddc32618b87709930c5dbee0309c1dc20c650e642615adda6f6021f43a4df59389d45ddb387912af2c5ee7d078b76b397bf6af9ac3c7cbd3afcb2fdce1073bb39a5660bf3b8b724fbc71757da6162e459c4b30cab4ede446115720f7a7bbba04cdc47731afd84b8a524f8173bde80f9abb87958d7963e4db766ef0a928bdb55bab55de027bb37ca07a9a56559c5c356af371a4e4dba556d7b3701cf731259f877ed58a4ae51cedbaa5e54649a7b7ba901eb69919beae12549ec8c9733dd403eced4a908ae4480d8a7b00bc6014d738178d738154d738178bba0552ee819467dd033524064a4b9c0cb8b68192981ec766b0e5919cef497ecb1f6ff6dfd55f4857d780000000000000000000000000000000000000000000000000003e73b59a74a56e39f6955db5c37a3cf1e497c807caf5b1e701c6b9c08e7b0223b8e8062e604e36047301c6038c071f740759dd0317355de05e3ee818bb9b7780eb173813ac404775f3818bbbb7780eb1d37811dc74de068cb9a9635c8d77a7b00f90c4cc9cb54cdb6b6dbb38f19a7fa52e2fa101e4632e3bb3bcf7bd8bbc074b404a019d8b0ef5f8c56ededf7b680d6e3c18f1b15f2aebac9fe8afca7a366bd5cb7ad88786b153dbce7b261e19558c9739917a84055669c8064ad3a6e02ab7dc28c95bd9b8645eafb80556b66e03356b66e02ab7dc08aad770b917aaee0ca2ab2b98645eadae428ca36d73019ab5b423256fb8064aceddc065d56ddc5c8aad6d19192b5b370c8bd5773c003aa7cc03aa7cc0556bb9e001d5773c050eabb9e001d5773c003aaee7800755dcf000eabb9e001d5773c003aaee00eabb8062ed2e620754b980755dc023b3dc023b5b77018bb5dc26460ed2e62e558bb4b98644769730c8c5dbdbb86462ededdc3223b6f988611daaadc4c88ececdc170c1dadbb808ed3e61911da22b17695008ed6cdc062ed6cdc418f51dc023b1dc037e04bddb2a1769e4d697177198dcae61bdbb625ec6b1817258f0cbc76e37ac79709c77f0d6be0de7866312f7d6730d5a4f692c58c676f5085dcabbc4e5d6f17e6b4a8b79255e82ed568ee55f74bb5fd65c9f281f3b2bd7af642bb76729d3c98b9be26a3b68b977540eb8c1f780c9db546a954f6500cbb3d2a65caccb6561254ff6ef01ddd9ec99e44f8a6bcb8deb919771c2e4a3f401f611bb449303257530325717380eb3ba05eb3ba064a6f9c0aae3e703253606519f740cd4c0c94f681946e01b2df1dc9c6d5b4e572e3e18452dedec03eff49d3d60e0dbb1be7f5ae4972c9ef0aec000000000000000000000000000000000000000000000000000049454938c956325469ee6981f15da0ecde4624a59387177715bacedadb2b7e3881f3cafa6ab5a0155d4f9421d62e70239edde04e3ef011cf6f200e3604771813ac604771811dcdbbc09c5dd023b8972811ddee818bbcf9d0183bfdd03177c0c5de5ce062efaa6f030b97a3c12af301f198772719eb7763594eb1b36a3cae51b6e915e901ab4eb17e1896dde4fad6ab34f91be4d9cc074f0cb980c6519a55a01ed68f8338633bcd525768eaf922840f1f3ff00ee72e7757d5af0c17e8ad88f6ed4621e1dcb665a3ddd9db2e4d59373171545e4dfb7614ebc0eec9413a6fa55aa926562265b256e31b3d7ca718d94b8bad6d2851ee7c55a13261862cb1f2a0e78b7617e09f0b95b929a4f7d2a9b112b35986ceaa2e5c2a5172e6aaa9523aacac70aac9a4b7559264d2aad4386bc51696f69ad84c98636658d793ea6f5bbb46d3e0946546b7ad8cd56724d66195eea71ed3bb7ee42d5a8d38a736a3155745b5f7c6a8488cb0ebf07ab571e45a56dae2e3738a8d1f2d5ba1574cba236e12b4aec65195a92ac6e269c5aee35b06530ca1654d3706a496f6a8fe6264576945794d2a6fad3672ed266098e99650b3c51e28b4e3cea8d780a93185562a9b54696f6b773ef2c58c30bf3c5c6c7964e45d85ac787d6bb3694555d36b7dd635435a25b236adce10bb094656e715284d3f25c64aa9a7dd2c4a699656ecc65f52519779a632cb2766316dca5154db2ab5b3be3232565349a69a7b9adabc01192b04564b1bb8517ddcb087bb22e43dd90c8aac103a801d400ea0075003a801d400ea008ec30617a860c1d4770643a8ee0ca9d4844761f3018bb2f98823b0df20563eeef982b17636ee21847601862ec6ddc0c23b1b77030c5d8dbb81862ec770a23b3dc22b1ea1f3104761f3011e3d7900c5e3ecdc04f77d9b807bb77007bbf7009eeddc023c5aaa536107bba3b57ac3c79aacedbad1bfad067977a92f66cdfe9f25afe1cf4dd4a7665b2ddcfda587c8e2f7af9371c1de5c71c982e5a01b5e6c6b6d2fce69fc807b76e12942324f634067d4dc6068c4b5938fae59b947eed72125727c91951efefd40eeecf271d5b52b6beac322538ff00d4a4ff00e2607d5759ccc02baf9c0aae8192ba8075a80cd5c405530362b8b980c95c406c8dc02f5d4e503663f5f917a366c45dcbb2d9184555b03ee3b3bd9cf70ffbaca6a799254497d582fa5f742bde0000000000000000000000000000000000000000000000000000000060783ad76434fd45caeda6f1729efb9049c64ff4a3e2a01f19a9f66b5ed39b73b0f22caff1ac566be58fd65d00792f2a09b4dd1a7469efaf30197bc2e701d7ae702abdca9843de3ba04778075c04eb80c5dd023b9dd02759b37ed031771a0307740c5dc54de0612b9dd0307736018bb80612bab85aaef4070699a7a8e2e45e71a4b272ae5c4df2c146118f853037bc4030962a4b6012c615cbf7a3692faee8df737b043d9d4a31b184e10d929d2dc12e44d51f80ebb55ccb9ee5b10f0162f70f5e30f0afba2ad28547cf5fc5bd9bda98467a64eee3e9b6f8ece5b94a31772e255518c9c612de626333f0eb16c47cb1cac258d9f858589a34a56f2672eb6ece7295ac783fad2828ca7084a9c4f9098fc9757e6b0d1f1ede447b35634fbbf08e077723264ee703936e5c2aea92abad0dc46122d9fb688e9f77232350d3efe93917b48c35186328a509dde1a6e949daaaac5ee7b4c4e5acf4f977dfc3c5c8d2bde67a75ce2c38531f138272bb55b14297209d6bccfe52ca45bafcb4dab32c2d03dee7a664e45fcea46ee9f17394a2a5c5bd372e0a2de31d099fcd93c1fc3b896a387a5debf667738563d99bbb721c759393ac372a79e2bd127132cbb47734abd7ece879562e64bbdfb6bbc173814230ad1cdc78a5b5f25093f2b5e8cf067a665667c35e0d8518c5382bb714f8e297e6da716f653f39245859acfcbd0cbecce15fbd6b263695bc9c754b32ac94231e6ead3e0f01ad30ceb979785a6e4e4769329ddd3d47dc234c7d46eabaa3724e958c2117083a55ed3311d5acf4f94b1a1bc4ed3e528e364e4646a31ebaf662e18635b69c9f5716e327f38c754cf4f976bd3f174bcab92869d39e667297bcdd8caecedb8f34ae28282ef248dc7ca5bacfcb4e8da76342edfd0ed69f998b812b73b92b8e72958971d14e2a6f86e713af3928d5a3f35d3346c7ccd333b45bfa65fb3a5624dc71a3257233bde5cae5632e2ab4da24c7449b627e534bb1939fd99b57b52c1bf63270e7c16b0ad3b96a4e31518c14b89525cbbd50d42dadd7e5b30f4bc19eb389953d3722de6c22d42ea772508d62eaa7c1156f969e50666d2f62cf6674cb7a8e46a2ac71656524af4a7592d892548caaa3bb9033ae5e82c469514762ddc8698558af980c9633e601eeef9bc003dddf378007bbbe6f000f777cde0287bbbe6f000f777cde0207bbbe6f000f777cde0287bbbe6f000f777cde0207bbbe6f000f777cde0287bbbe6f000f777cde001eeef9bc003dddf378007bbbe6023c67cc418bc575dc0478cebf540c5e2baee023c47cc062f1255dc04f757cc0478aebb80c5e23e6031788ebf5464478af9883178af9803c49537018bc49537013dd1f9a03dd1f9a03dd5f300f757cc04f757cc06cc6b72b17e37a31db17b573adcd18dcae61bdbb625d9da5ecddbd634e8f03eaef597d658ba9713e1a7951a556c7bfbe786d1897beb3987c72ec4dd7e5473a8d6dfddd7fe222bb72fb22f2636ffee786e41d78d416de7aaa81eae0696f16cab72b9d6b5f9ce34f001d71c58be4033861edee01cef0961ea37b2a2a90cc8db935fa76e1c1203a95f4064af8192bcb940c95d02f5a066aef740c95c5ce066af457280f788a55aa036e37bd654fabc5b53bf73ccb71727f2d00fa6d33b0baae4f0cf3ee2c5b5cb6a349dc7d1e4a03ecb4cd1b4fd36df0625950935e5dd7b672fd696f0aee000000000000000000000000000000000000000000000000000000000000001c59da2e959fff0099896ef4b771ca2b8be492f2bc2078795fcbad0aed5d99dfc67c8a13e28ff7d49f840f2323f96598abeeda8424f915cb6e3e14e5f301e7cff97fda9b7551ea2e2e78dc6bfde48239ae7637b5d07ff83c4b9e376d3ff8901cf73b35da9855cb4ebae9e6f0cbe66c0d32d13b491dfa664fc96e4fe64060f4cd756fd37297fd1b9e2035cb0b594f6e064aff00a33f540c5e2eaabeb61642ff00a53f10183b3a825ff8b7977edcfc4063d567536e2defb39f880c1dbcdfbb5df427e203071caaf0bc7b9c5cdc12afcc06a94af2ad6d4d7f6581839def672e8606b94eff00b39743035cae5f6d45425c4da4970bdfc807d0cf1216a31b31558da4a35e76b7bf9581a656e34dc069b9696f5b80f4742c0af1e4ca3bfc8b7f26d6c834ead1eb327856d8db54a727172b3d7b51d1e2df999971fbba7c9b0ece730ab168b62f9007bb7728117dda34a53605cac71151d13a3dff0031205f75fd1f916ee62e0c0b0f978482fbacb99f30192c597227ff00e0aabee6a4a928552e46aa5c2328e270ae1847853e44a9f3045f75979a5c8c9e3bd89a7dc120b196cd9b82b3f76aaa3e4eeb22657dddd6bbc1aa4f745cddce60b965d43ad797b80fb64b1e4d6d4ca907ba771817ddbb8c22fbb2e6604f76ee3a00f76ee3027bbf719721eefdc6321eefdc64c87bbf718c87bbf718c983ddd7332e4c1eefdc63260f77ee3060f775ccc64c1eefdc63260f77ee319307bb7718c87bb7718c983ddfb8c643ddfb8c183ddfb8c0beeeb999326078cb998c984f76ee329862f17b8c07baf71811e2f7193231f755ccfc23223c655faac9913dd579ac6511e26ddcfc232b862f1157eabf09462f115773f093260788a9f55f840c5e22a7d52984f74fd10b83dd3f442a3c4dbf55f84183dd7f45f84184f755e6b208f1973312987afa3c55cb72b12d8eded8be5717f94f26f55ebd8979baa69deeb94e8a96ee7950fa51c2af459a6dda49d68546e56d730192b4b980db0b31e6f9c0c73b1257b0a70b716ee5bfda5b8aab936b7a4bbabc207911d375e6abf0eca717ba966e77fcd036434bd75eed3729ff00d1b9e203a23a2f68a5bb4ccafb19f880dd6fb39da79eed3323e5835f381d36fb21dad9eed36e7f6a508fcf24075dbec176b649571a107fa576dffc2d81d56bf96fda69c9759731adc5eface4fe6881eae27f2bf6a79ba8392e58d9828bf4a4e5f3057b987d84ecde335278ef224b96fc9c97a2a91f001ee58c7b162dab762dc6d5b5ba104a2ba101b00000000000000000000000000000000000000000000000000000000000000000000000000000000000000000000000a01e4f69b2fddb48bcd7d7b9fb38fcbbfc007e6f286d6fa40d372dadfca073bb52949462ab295147bef701f4aad5bc3c4e15fe1c695e76ff002b354ae658dc9c43c3762adbdedbab7ce7bab88878e7a9d42e60cb2ea1731302fbbae6287bb2e6087bbd3b8155585cc064ac771845ea1730564acc7986055662dec8b60c4b358b26f6425d0c744c4b3583777ab53e8632d6994963b87d7838feb2a7ce3293593a95cc5c985ead2de86466b1a6f6ab6dfc84c8af166955c1a5dd19056a3cc5cb39556a3cc14eae203a98843a9880ea57300ea179a14ea179a32983a85e68c8752bcd1911d95cc3260ea63cc4c985ea63cc0c1d4ae62e54ea579a321d4af349913a95cc05ea63cc5ca613a85cc5c983a85cc32b0752bcd1129307551e624cc18276edc179748feb34be719886a2b32c2b8ded21e947c64d4bc72571bda43d288d70bc562b8ded21e9446a84e2b15c6f690f4a23541c562b8de7c3d288d7071ca378d5fde43d38935c1c728fdd796e43d3897541c728d62f9f0f4a3e326a838e525eec937d643d38f8c9ae1636ec461097d5719779a7f331ae1276ec3b1b76c0baa19c31765737fb74975424564ea579a23aae11d954faa0c317663cc153a8604764a49d52ee0308ecf701a653a98f31330b89678ebaabd1bb1fcddfdedc66f8c37b79897a7a9e0472b09b8af2e0bacb7cfbb6a3c5687b1f3d6ed2a2aada41ba36b9901b636e9c806c8daaf700db0b6e32528ba38b4d3dcea07e95a4e6accc1b57abe553867facb630aec0000000000000000000000000000000000000000000000000000000000000000000000000000000000000000000000000000000000000001f29db5c8e2959c68bdb1f2e4b936ec407c9ca1b3601a67103ab47c3eb72ddc6ab0b4aa9fe93fabf49323db9d984d70b8a94766c7b4e95962661a6e4306d2a5c56e1cc9a48dea973c435753a6de7e4b837fa324bc099b8b493481e1e9d1fadc3e9fe51ae53442fc370e4bc95bf9632afd23549a2125a4d9dcb893635a718b4ab4bf3a4354a71c24b4cb693e193e2e4a9a8b93468f72bd5a703a9ad4e734964b02f799b3e4f19351a659ac6bd055e05b395aafd217ab282cc9ec849429fa2be924c35196ceab515fe2ecee28a274332d53b39fc55776e2aff00b721710b9947672e51e19dc9ce3be8ea549caac597226589634cb62c3bdc912e4d12cbdd725ef6e9df7e326a3449ee73e57b39778cac5192c3b5ccdd37ed265ae384961c5bf2767706a38d3dc67dc2ea4d07b94eb4a7818d49c727b8dc7c9e06352e894961f045cae49462b7c9ec5d2c6a4d2d0eee9d5a3cbb55e6e35e32f5310aa7a7bdd956be49c7c65c4a7472e56a18b669c0bacdbb64a50a7f765266a2b2ccb65bcac4b91e38dd8c7f465249f4313565b233c6949423723293da92926fc030ad9d54481d54429d5c421d5c47453aa44cc21d522e43aa885c1d5448983aa8960c31b96ee7573ea9c55de17d5b9ed8f15367125c953366a23bbc4bda4f6b2fa6a5aa58845fe6db84a3e14abe13cf78b4fdbd74dca447c65e4ea3d9bd6b1b1ae645dcbb77a30a557ed1bdad2e5ef9c2fb568eb32f553c8acce221e4ac7ce7ba70f09c6225df9631f096ae693767385bd7f1273b4f86ec216b224e0f7525483a6e3514cfdb9cf918fa6e56705aff00de632efd9cbfa2d8e3fccf623b309474d8ca8f5ec5abddfb1caff4c71fe67b1f914d377fc7b169cfd4e4fa8236ff00339e3b0ade96f7f687117fd2caff004cbc7f99cf1d9b3dd74de4ed0e27d865bfff00c6344f739e3b18ab448dc93cad62dce31d91e0b3931abe7abb5b8689eecf3fe4e9c6d4bb3d7f8e5a65db79d6a1e4cef5bab5196f69f5893a999a4f758dc77626459bd755b4a56f962d51b354da9963737623e9e95aebedcbc9bed2fd28a9ae89367a38773ea5e69dfa767a18d9b6edc9fbc285e8d36705a51957a686eb5b47cb9def49f86c7aae02ff00e2bfee9d712e5ae156ab85bfdd5d39e911a24e486eb5a969938f97076e5cce29fcc89a2575c2cb50d2d7257fe9f8c9a64d70c65aa69ea2dc2d394bcde14bc234aeb86bf8bd97bec7853fa06939207aa5ae4c7f0af10d127234ddcec89ceb0a5b5e6a517e1921a599bb18676636b868dfeaa7f30d29ade9e9f76fdf52ebe2d5c4ea9d1a4d7ca70bd661e9dbb65e3ea783eed9958aa5bbb5947e9461d661a231da11ba30406c8c00dd18d00fa4ec864ca372ee33979135c715fa4b63f0057d40000000000000000000000000000000000000000000000000000000000000000000000000000000000000000000000000000000000000000f84d7af3bfa95e9536465c29f723b101e5ca080d3282e5e703ded2b0fa8c18b9d23c75bb764f651536569cc856499e8fc9f3ff98fae5fcebf770b31d8c394e5eef6b820e96ebe4ed716f71eddb9dbc7579ad69cb927fcc4ed6a95166b9479fabb5f4c4e73bb4896332dd6ff0098bda4845f165dbb95e4b966d36bbdc31477d7b78ccffed332c176e3b4b90daf7d8f7958b2a9d30374beddbe3ff69996ab9da3ed03db3cd92af2285b8af0451d6d5ad7acb39658ddadd76dfd5cbeb22b92693f0a49f84c7ec95897a763b79ab2b75eaa1397e6ca139c57436fe711b7595d722fe60768d3a7ecb87cd6a6df4b91786135cb6c7f989add129dab72e76ab1f189f1e175d9bed7f31f518fd6c76f6f9e9ecf9624f5a13559ef699db0bba8da94ecc631941a53b738f94abcbb1ed462db385e476fc6f269f56da4f9ab5e86d98d09c8c65ad64c938d289efa3a7d05d106b9687a9e525e45dbb16fce9a6bc28d452199b4b28eada925b2fb74e46a2fe824d208bcb3f89eaf25557363e68c3c434d7b2eb9167eb6f739b5cea09fcd11a63b2eb95f89eb51d8d37dfb7b7e81a2bd8d7647aaeaf4fabfe5b1a20e496b96ababbe571eea853e811483925ae5a9ea8d5253728bde9c22d7851ad3109ae58f59a95e8f0f54e5196cd96a2bc2a2330999945a4ea725b2cc977da5f3b1983127c17564abd4b7fda8f8cd45a0c4b17a3ea8dffe3cd3efaf9ea5d70696db7d9bd4ae47ca50b5faceaffbb5333b89a1d1f85ae528f21579528fff00b2272ae86db5d99b3171e3bae496f8a54af84cceecaf1bb63a469905458f17dd9794fc2635ac51b2d60e25a75b56a1093e58c52f986a6b4b6f52b9b619ea60562ae893af30ca4435ce58b08b94ef5b8a5b5b738aa77f68d50ba5b1d84a8f7a7b9a754fe54354a613aa8f33030bd2c7b093bd2e08bdd269d3c0995265a659fa6255ebe3f229d7a384d6253a305ab692dd38ee579f81d069b2eaab74355d1135fb4977e51953e5a2268b2c5aae8f89688bcaeba14ee55be8a326996b35735ced069917e45b9c92e55154f0bfa0689626f0e7bface065a7897315f5579a8c9ca496f6b9b6937693a5d76b7222ce4d6fb3ba7e2e0bbd8b69c2e5a9c1717137e4b747b1be73e356f39c3e861f99f6570ac59fe646ada5e445bc7ca8caf462a4e356d46e26a9faecf45efd09a3d8ed5766f070b51b4f1dceddbbf0e3e08dcb8a928b69eee7d87c4f2f7af5b6625cf1879b0d3d3a5fe39dc76a4b8d3b971f0d294e2aae1da73f6b727e27f40f71b57321a8cef3529713517254aefa414b93be3d8dcfb94cba63a0e55eb2e78d6af5cb76e5c32b9d64d49d77562e5c94e43a6dee6eda331ffa666f10d58fa6e46449c6d4eec9c36b52bd249539f8a5439fb5bbf1f7ff0086a272faad1b40bfc305a8e1bb909be257faf8eee4a461b29f29edd9dfdcc7eeff00d110f1fb21a0e9581dbcd6742bd6a5d464c3de71171c92aa6a744ebe65c97a27a75f477ac3e975bd26c69d9966e62c1ab528b6a2db6f896c6aaebbd3476dadceb0c5eb9acbc17db0b4ab4c29557239a5b7d13efd6997c8735ced8e63fdde25b8feb4a52f9b84bc70392e76a75b92f2656ed7eac2affbcd9ad1034bed17681ed596d7f62dfaa5d1011ed276853afbd39771c214ff0074ba206577b4fafcd6cbea1fab6e1f4a64e381a5f683b41f7c97c9182fa071547459ed6f6820a92b90b9faf055feef08e1a8db1ed9eb29ae2b5624b96b192f9a4667620776376e927ff75815eed9b94f0493f9ccfaeaf56c76ef426bcb864d9a7e85b7e18d4e56f1e72b975e2f6f3b390baae4af5ed9b1f58ae3a27bf64535b8e57d89ece94be25f55a962432f0bacb4d49f0abb624bf3a3255d9fac99e3b46270f5c4e5e05bb7b2ac837c6006c8c7681b543601d7a7ddf76cbb57a3f9b255ef6e607dd269aaa754f730a00000000000000000000000000000000000000000000000000000000000000000000000000000000000000000000000000000000000038355d4e3850824ab76ebe1b7cddd03e36e2aca5b795efda073ce205c4c5791976ed52b16d39f796d603f98ba97c3bb2b93184b87233698b669be934fac7f241325a3edcf727a3f11f747c8b6770c443cd95589c942e0cb2585b3717ac8bee925baa2331f0a8f126d6d6fe566ad333d24ca7b9bdf4f94cd62613537da84e1c95a73b7e33bedef4d12661d16e6e4e928d1f23afe43d54f3267e5cdd11b316aae9d28f4c6ed6465d44552bb9ee7546a6f03b348cbcbd33361998aa2e514e3284b6c6517bd3dbb4ce6247d247b719ab7e1dae25be8b6199a41996cb7db8bafebe34149f341497fbd12f1c1aa5d10edb58a2eb6d5b9f3a56e517f4999da35cb38f6e348dd3c29ff006541fcf4270aeb64fb73a2add8175f7696fc6667665ad6ce1dbdd196cf75bf05dc8c1ffc44e194d70e85db9d01aff1d3e6e05e36386575c3a71bb5dd9ebd1afbdbb2fcdbb1947c34a784cced49ae1db6f58d22e538336dcebcd2afcc4e2935c2cb54d323b5e4aefae2fa071d8d50d52d6b4b8eebce54e451978a86b8ac9c90d52d774d8a6e2a726bf469f3b1c3623721ae5da3c6fcdb1725cdb52f19b8f1e4e4861f892d7262bf4d788bebc9c87e2587dd9fa6bc44e0939592ed163bfad626b9e924fc43824e5671d7f025be3763dca27f3333c1272c374759d2da559ca3df8cb6741386cbc907c5f4851729e428c62aae528c924bbae866d4988ead45a25f29da3fe67e8f84e10d2ef3cbb916fad95bb4e50a722529cadae83cb3bf587a6be3dbe70f0754ed7ead95a566e9fda4b376ce1e5b9438ace349d2cbdc9dcb4e6abdd3cbeec5a7158cbd35d8887c6fc23f96ad7ef721c9adca379bddfa839eff00fe7fe57457bbea7b3ddaa8e93a44f4cecbf5f7d2729d9eb31ae5d509cb6bace4a0927427b7a7e6127633f0f6f47fe6a5b79b0c7d763731dc63c379c6ca6a3728b6f913b8e9f21eaa79159ae5c2de34bf40c0cbc3cfc7591837ede4d97fe25a7c7d34dabe53bd77225e79da98f96cbd8962e5637adc27fac937e137994d30e79687a670be2b2a29f2f138fd25d5662690e7b9a56850af1ce11a6f5d6fe52eaba69887064cbb3f69356edcef4b92936a3d2fc474a45a589c39e391a5d57fd949f71dd7e24749db9489637758d271d27730e116b6aadc939746d31a266248b757d1e6dbb797a4ce50db1bd655c8779c54d1f9bbd662dd5f6eb3131987e43af425a57f31b47d59a71b1384637eea4dc528b76df152bf9ae276ad730b69c3ea7b419dd9ad4ba892d4adf15a6d37069d62d2e7a72a3cfbde1cee384ce5e3c6c680a555a97fb8708fe36d1f7f8fee8dd1968d18793ab4e371d53b9c50ad39229ef4b9f696bfc7de3ae7f1fdda8885b73d26cdf5721abca2f95c5c1a7df4dedde6e3c2dcafc4b1348961761a1dd9273d494b85251952da745b8cdbc0b4ce7f1faac4443ded335ed231f1baabfaa5bbcd49b53bb3f2f869b17928f46df8f6ac61b8987cff0068b58d3ac76c740d7b4fbf0bfc135673559ab6a0a54abd95fa972475e39c35aa1fa376831bafc16e89cad4d4d539b7338c4e1bc747e5dac69ced6a375528a6f8e2bb92dbf39fa1f0f726d487caf22ba6ce2f745dd3d71d5cb07ba2ee910f745dd19156214478867264f737dd26b078b4dee9dfd9f49750c258c945c9c928adedba199dc8183b7654789dd8254afd65cbf299e6af75c354af614526ef269eea55fcd5333e4563ed70c259782abe53927cd17f4927caaac43f54fe586bf6f53d1a782e4de469948a8cf64a56675707fd9db1e83e7eedb55b2f5edfc3d1d4b13ddf364a9e45cf2edd3bbbd74989e8dcb54235037463b00d918019a86de703eab48ce8deb51b12d976dc13a73c77542bd1000000000000000000000000000000000000000000000000000000000000000000000000000000000000000000000000000000000000797da0b362588af4e29ddb4ff652e54e5b1f800f96945f301aa70607a1a0634ab7f224bc9e28dbb7f22ac9fcc8448f96edfab59faa5bc59ca5d5e1c5a718b4971dc49b7f22a1f337fcb9adb10935cbe67e07814a2e25f29c23ceb331b5184f82e0d29c326fceaedf98bef58e247a162b75539a5c8b63fa0479d638617e0789c34e29d79f67887bd29c10c5e83629b272af3b4748fe43a7c7e3fb333b02d02c72dd937dc4978c93fc8fe5f8fecd46c0f41c7f692ef52be233ff0061f97e3fb1c03d06c5365c7e8fe52c7f238fafc7f64f5d5e816545d2e34d72b45ffb3ebf1f8fec7aec1e829ec8dd727e6f0ba780e91fc9c4fd7e3fb333e34b38e8d7edaf2649a5c8d3f11df6ff009588e9f8fd19f5a58cb03294ff0037672569f39da3f94acfdfe3fb333b123d3f2a71a7916ebcd2abf016ff00cad7ea7f1fd8e096c8e9f753a3929f30dbfe5abffd7e3fe09d8b3278535f9bf31ea8fe4f67bfebfe19e1b31f75973780dc7f23b53f7faff86786cbee72f347fd86d77fd7fc2f158f727e693fec76bbfebfe0e2b1ee4fcd2c7f23b5dff5ff0007158f71da9f0ed5b9d0d7bfb7dff5ff0007159b63672a0b65c9a5cdc4c7bfb79f9fd7fc1c56584b31354bb3d9c8db6bc227cfa47ccfe3fb33c366d57b3d7e77177d233ff65b5dff005ff09c12d90cac98d3acb71973b554ceb4f3a92cceccb62cd8d3cab725cf4da76f62a71cb62cab4f924bbad3f197d8a9c72c95fb4ff3b6f799ca7cedbafcac6d4af596e9bfc0c6df9fb779c44febfe1276e613afb35a71aef54f5dad1f4ce1f23da3d3f5dbf72e5cb9956eee0464baab519f0a49c92558d123e47934bccf497d2f1b76958eae6caec85cb1a1e6dfbd910b59b652b98eadcb8a148794e12aa5f5a94335f1e2b59996ede56bb44559f67deb3674e9e467dcbf990b9184ac58c6bcddc841fd64d29c6bc87e7fcabd3562bd1f4f662f1f30f9bcfc1ed2decbbd771f0f36c589ce4eddafda3a2aecaba9f436b7b6eb5c65e7b6d5a67387d2d8bb9d7b467621632b4fcd85a51572f5c92b5c75a3718ca7b6abb87cebdebc999b74fe8f46274e30f2fb37a25ecd79cb52bd27976a318d8706a49dc757c7724eaf912a731f6bc7d17a7478376f6db98cbaf134ded169f96961df78f9334e5d659bae158c5d1d69bf7ee68b4dabd7ac16f2296e92fb5b3ae6b5eef6e1917673b9c2bac929c9272a6d743ead2f13189f97cddcac67a27c4b226dd61c6df2b936cd5f7e9b71d5ca36e657de721eeb51873375678eff00cb6d563313faff008748f1e65a6eddcb7b14f6f712a7d25dbfe4eb7f9e9f8fe87ad2e792ca937c576e3afe94be8743b479b4ee91b52d6f0a556e957f398dcf32b0b1b5397e87d9ec885dd1316d71c55d85beab81bdabab5c3b56fdc91f13ca989bcbea6c7fac65e0eb3878ca117996e538c26e11e06d34defe55b3c93af8d6b47faa6f455e5755a1bff06ed7976bf58f6cee6ec7ccfe8f3446d8b1f45dbfb0bde93f58c7b1b9dd71b7f8c91b1a2aff0002f74bf58bcfb9dd71b7f8c9d4688bfc0bdd2fd61cdb9dcc6dfe32755a27b1bdd32f58bcbb9dff00434edfe323b3a1d6aed5eef55f8c4ef6e77fd174ed8ed684e2ff006179a69a746f77c8cc4f936f89949ad1f7ba6dc867e9162e252e1b90e06a6bcaac6b175e83c169ccbd75c3e2bb59a7dcb56acdfb766576716ed4e296ea6d55a7ca7abc3f2a2938979bcbd99b757ce70e7b55f73953e5f11eab7f21589fc7f8786766d96328ea518b97b9be16bc9dfe149198fe46bf1f8fd0e2968baf52a2a5a70eea83fa6a6a7cd9fa96a36e5ad2d53f4bd05e233ee4f75e39633b1a9c9a9394d537522d7cc3dafcce396b961e6ca4dca571b7cbe5199f232cf1c8f4ccd9c29c376707c8d49c5999f2178e583d17252db6ae53bb17e231cd59f95e39ecc7e0d77d94abfaacd6aaf7344f664b45c896c56a6fe46626f4fb934d87a164c555d99d39f8592376bdd7459ed762af64e87da3c7cbeae6b1ef531f2b63fdddc74aff0065d246e3721ba44c4f57ec3ac612bd89c715e559f2e34db55ca8eb5ef2f4672f0e10696eda4846d8c1f3146d517cc067183e603ddd0143f6926975945152e5e1ad69de03d80a00000000000000000000000000000000000000000000000000000000000000000000000000000000000000000000000000000000001c7a95b8dc5084b6adae9dd5403cf7836b997401aa7856a8e915d006ee1b38b8ce4fc9b76a2e724ba5f499b4f495a47ee7c55d8e25fbb3bd722e53b927293a2dedd79cf81b9b736b4cbebd36e223e187bbe0d7ea3f4578ce7c0d688ec7bbe0f98fd15e31eba71c35dcc0d36e7d684ffb3e4fcd2458d8fcce286bf84695e64fd29fac27667bb33b50d91c1d3e11e156f62e7557d2e44e19ee9c51d97dd30bd9ff0077f28e09ee70c764787835fa9e05e324f8f3dd7863b0f0f069fbbf07e527af3dd78abd992c3c4df1b555c9e4a7bbe52c78d6ee71563e9d10bce114adcddb4b745422a86fd7b47db5a2bd9b3afcba2adc9d1ed5e4444ed5bbb5a23e30c677e74f2eeb4df2ca1155e9333b33dd89ac7672bb58b27c72507cf2e18af99a44f5e7b914896a95bc16a6d5cb50e1a2737c2d47be9cbb86bd4b7766621c772d61c6bc5a9d98ae670c75f49af5a5988acb65bb78895b9bcfb5385cfddd636293db4f25a92afc849f125669588ccba725e998aab953b78eb756ea8416ceeca48cc787699c44b535ac434cf2f438755c793623d757a9abb6b8e9bf87cadbf217d1bf748d0c61a8767e714e1978f28bb9d4a7195b6bac6e9c1b25f5abc84f46ddd715651cad1a595ee91bb6e5954e2ea128f1f0d5c6bc3be954d5493e25a2339315ce18433b42b99af06ddfb72cd8ae2963a4b8d46b4e2715b52af297d4b44648d39c1efda0fbccb13ac8cb2a10eb256636e4e6a0df0f170a4f657654d7a7798ce7a339a670dd8f2d1b22e5cb766509deb5c3d6daa5271e2fabc517492af785bc4985ac526710e7f7dd0e59d2c18ab93cc85b8de963c6c5d94d5b93e18c9d23b136a85f4ef0ccc53386762e68b91957b0e1192c9b1184eeda9db9da928dcaf0b5c5c35af0bdc5b78f688f934d1bfe17a637fba75fd697ac678adddd236abd99c7030215e1b6fe56dfced998f1e6df3268ac7d2ac6c2afeeebdc6b67ce36fc6d16fdacced57b3376707775105fd85eb1e9b5b7267e7f44f5ebd9ae78b8735476a0d733826b66de56626773ee7f46b82b1f103c5c569a76e0e2f634e09a6ba4c68b4fcc91b5113945858118d238f6e345e4a8db824bb88e3eafe6e91966ec63bdd04bfb3111e2e1ac91b1612e4dfe647c627c4c932bd4da4f63a577d22be4e52c78f68f8967a4fd2bb56f7f16dddf57f289d8b7748ac764eaadf2bfeefe52f05bba688ec7556abbff00bbf944f8f33f32d44447d27536b95ff7578cc7a9f9a4c7e4bd458ee57f5578cbeacc7c49a6184f0f167f5b6fc8d7cd2371b36c7ca4d2bd98fc3f0b9bfdef5893b369fb4d11d9d58d28e34786cba6dad6957d2d9be2b775d11d9b259979afafb7f555471dbb9a21a6f385fa75d153e1dcdc235e9a9276ed3f69c556a58d87ecff00babc667d79ee9c51d8f75c3dbfb3f02f193d79ee7157b1eed89e653e45e31ebcf738a3b2fbae2f37f7578c704f738e3b1eed8be6af4578c478d3dd74476478d8ef912fec47c63d598f89276e1a25a4e04a2e3295c71dad478a74abee711d29b578ff00ebfe1744305a1694a29527d32f589c77eeb35acfd2ad174d5bb8d5377952f589c37eff00f09c54cfc3b60ad4528a8c7852a6db706fe56f69382d9f9236ebd91c2cc9bac22bbaadc17cc59d8b77ff0083457b31762c3fff00a62627c59eeba23b0b1ec7fb4578c7ab3dcd31d93ddb1ebffeabc63d69ee6983dd71b9bfb8bc64f567b9a63b0b1719722f423e32fad3dd344355cc2e29371bce117b92b56dd3a4d478e9c70470945a6ef71f3d6cdbdbd142cec1c70ddd463f224bfb11f19cfd6b775d10af1ecb8b4f73fd05e3351e35a3ec8ac767d868994b274e845be29d9fd9dce2defcddddc3eef896cd312f97e4ede2ccfe1f622e896ce43d4e12d91c1b54faa80d8b0ecf2c40cd6258afd403a716cdbb77538aa540ed0a00000000000000000000000000000000000000000000000000000000000000000000000000000000000000000000000000000000001e76ab978d8f2b6efdc8db4d3a713a57701e74b58d37ef36fa40cf1b3713226e362ec6e38aac945d6880e3ed264f57871b2b7df951feac76bfa0f37937c43d3e2d3559f307cd7d48f901010000100a0283262529fecf9b94d7de0e987c95fd36ef6ab272732c5ff76d3f19cb1b4db90e2addbf6e4b8efca928a9c2338f0462f652acf646e46d4444bc77acee4bd8eceeb76753c29dabb1b76351c2b8f1b51c24d350bb0d8e8b6d612a563dc38ef6d6273f4edb37898c4fcbc9d1713449f693b5109d8b13b50bd89d5c66e2e1152c54e6a29eef2b6ba729db76d31b75c7e6e15989b5b3f91a6e9d87a9e6eb78138cb27b2f385a862f58dce0b236f5deed7275970c7c9da9d38b716fb98ad73fecb5a7cc7d35e5ea1ac5bd3e5d97e0e3ed0dda62e3e4a8d2dcb16516a59af91384232e28f9fdc6856916b6bfa6354c4687d3697a6e99a469d8d836230b7878908c14a5c29523be526e9b5bdb5679efbbaad987aab58ad712f94ec35ec25a0cacbce9e05cb19b95fb38bb76570fbccae43878a159465196fda7a7c9a4cdf2f3f8d6fdadfda3bba766760354b387832b163f696f1715da4bad9dabca5c76adc6af8672ab4cced47ffd17762276fa33d5f1726ef67f3ec6991967e8f978976dcf0557aec694edbe17638feb454b7db96d5f9bcc5dbbc6bea978fdbd3e1ec68f1b195a6e8fa864d851ccc7c5b7c139c2972d4a56a31b89576c7751a3cf7be2d2ed4c4c65e6f66add895dd6b072b1e5d57c56ee561abb666adce12e09c671728f0f9334f94e9bb6cc44c39edc75987466c32b13b5f8fa9bb176ee9f9182f0f22eda83b9d5dc85e776129c6359f0be26aa96ce53359d5b7896ad5c6e6619e2dbc9bbdafb9a859b73583f0e8635cbd722edd6ec6fca708c149294928b6dba50ddaf1c7858ff007cb56a38cff17e1e67517ee625cc2bd89993b4af25092b90bb65b95b716ff396ca9697fd96ff00c26eedc6a61a5fbf6913d52dddc1bd95177d4b4ebd66119ddbb8f2846909dd938edb52e25fb496ee525ed16c774a44d665a33386ff006cb173b1317e21850c3962e74ecced4baa9f59d6596e2a69cb7c9729d291fb273f2c4c6abe70f52392f06e5ab56707dcf46b76efe46765defd9c6d493e38f0c6aebc4e526f98f3635fcffb3b4db463b3768dda0d1b59b776e69791ef36ecc942e4e30b918a9355a2738c53f90ceeec5e9d6dd1ba5eb6f877576ed39c3a4d98ddbb66c43acbd7216a1e7dc9282e99346b4e7a3396ab1a869f913e0c7cbb17e7e6dabb09be88c996d498eb3091b9596fa25b59974569ade4642081542e00801000000000000000000000000000000000000000000000000064b716097a5d9fcaea350506e96efae0977f7c7c3b3e53bf8f7c4e1e6f276f3197d3dc8ece6a731f51f298a8fe94ba7f201928bafd66066a0fce97481b71e295e8bab7b7940f4028000000000000000000000000000000000000000000000000000000000000000000000000000000000000000000000000000000000071675c946ea55a2493e96fc407239ba7d67502c5c9f2d7be23aae1f2bda0c8777519453aab2babf956ff0009f337ef13697d3f16b8ae5e69e687a23e14285c0100190b8022c24e71b7094e7f5609ca544dba2dbb91aaf59c33ab1997ca687daf976aee64dad2ec62e3e263cb82e3ce93bb7a7b13d98b070a47bae67b6fe371c6af97936f7f5ce1e8dec6c8d271bf7972ce2a8ca775e0e2e258b5151556e51b8dbdab9aa73898bcf58ead4e6b18fa6cd370b0b330f1f50c2cbbd2b393153b573aac684a519771e3c648e77b4fdc3a46de63a3cad4b5cd330b50868f85732756d5e5e52d3f15635214d8dddb9d53843bb53d34dad55ccfc385f7622d88f9746a33d4b4dd2af6a7adeaf730ed588f14ece275529275a46dabb72df9526f66cb6895c5ef111195bccc46a9e8f1fb0f63b47ae5bbbaceb5a966dad326dfb860abf2b4a56eb5e39cadf56f856e5cfbf71d7cab536ff6d7e5c7c7adeffba67a3ecbe2fa4c25083d43194e4d4611f78b6e4dbdc956556d9f3a36e67fa3db6bc44c3b5ca72a2726f9bf219c3b56b1dd2326ead3aeddb47b6a338ea9fd5c9a9eb3a7e9cac3cdbbc13cab9d5635b8c653b972e3a7930841393dff00216b4b5be3e9cadb911d25e6e9fdb3d073f58b9a3da9dfb5a9da7253c6c8b33b524e0ab2daf66eda7a773c7bd63331d19a79359b69fb7ad999d89878b3c9ccbf6f1f1adfd7bb75a8c57326df2f70e3b75b5ba43a5ef5af59f879587da67aa59ebb47c0bd998b5e18e65d6b1ac49fe83b89dc977e30a1d276223fda70e75dfcce6bd58eafda2cfd1f4bbba9ea7858f0c6b145c36f2e52b927274518a9588a727cd546b63c68bda232b7df9ad7330e1ec776975fed1dcb9997b4fb387a327258f394a72bd7249fe6bf26348d3ca743af91b35dae913d5c767726f39c747776bb598e8fa4dcceb9976ecdb4a518634ecabb2bf71aa28478a51a77763d871f136f5dbe1d3cadcd15ce7e5c7fcb8c6bcfb3f0d432313130ef674bad859c2c7b78dfb24da871702acabb5ed3a79b313315863c6ce32f0ff9819d93a96a38dd92d1f26e6465674d3cea5ce2b76a0a4bc86a092d9f5a557c9dd3d5e1d62b5e4b3cfe55a6d3a21f5fa3f65f4ed2b131b1311dfe0c6db15d7dd5194dbaca6eda9f055cbb8783c8f227725ecdada8dbae1a757d4b2b22f7c2345b91f7d6d7bf672f2ad61da5b64e4dd62eec96c842b5e56a85dad98f994ddddcf4abc9d53b33a2e66663ea1a76a9761aa622718e5525a8ab8f9eec1ab89ede6a1e8dade98fdb319871ddda8f989c4bcfc3ed8c713b4b6b47ed06978f7b538ca30c6d4f0b19c6e56e2f25bb3721d6c6abcd66efe34cd3557a7e4e3b7e4cc5f13d5f697b51cdeaff00ec74ebb7a7f9b2bce362d27fa5c4f8e9fab06cf0569113d65f426d331d19e996336c60dbb79f95ef999b6576fa82b71ac9d786118ee8c772ad598dcc67a2d738eaea30d4215568c1928c051802080000000002640a1502280001570a430153080080000a040000a9908a00005c00192dc081d56d8ba496d8cb9988e92931987d9e1657bde15bbff9d35e52e692d8d1f5f6ad9ac3e3ef5262d2dab6eee4d874726494abb00cd57980d96aaae45be75f381e80500000000000000000000000000000000000000000000000000000000000000000000000000000000000000000000000000000000000e7c9c2b790d3739c24b67141d367cb540687a55a8c5b77eeb4b6ef8f27f640e3bd7618f8d3badb6adc78b6f2b5b557be62d3886abd670f899759394a734f8a4db977dbab3e44e72fb35ac44317b37ecef8c48c657acc77dc8a6b92a8d46dcc9a9ade7622746db7ce91ae294d42cdc574a4e9df4c7149ae19c722c4b75c8bee5519e3b2ea85bb7ac5ab12bf7ae42dd886d9dd9c94611efc9b4908ace7096bc443ccb1da9d2b2937a7c6fea515b1dcc3b33b96abff00f2be1b5fde373e3cc7fb3946f67e1be5aadd8aafc333a9fa10b327d11bb297806888f89ead5b7263e61c36ecf6375bccb96ae6063cf53b3153bd6723195ac98c5fe7494e319b5b77ad875b4ee523afc7fe18ac56d3d1df63b3ba0d89715ad3f1e2d6e6edc64d77b893394def3d1db862bf2f90ed076b355d775597663b27249c6ab50d554bc9b715b2518b49d12f396f7f579cf6ecf8f5a46bbfcbe7ef6e4de74d1ed765fb297b40c25631a78b1c8b95965e74addcb976ec9ed72949ce1e4f70e3bfbfae7f27a367678e3f37cb259fdbfd79e35cbaa7d97d2aeb772f5983b4b22e52a924e5736cb936ec8ede53db335d9a663fda5e6b4cef5f4cff00ac3efb3752d374e84311c38ae387058d331e0a77a504a8a31b2bf369b36f927cdad6d7b7c3df7b5695c3f3bfe5ce9189ae769b53ed3645bb508d8c871c3c14a3e44deeac5529d5c6896cdfde3ea79d7d348ac3e778b4d569b4beb3f9837e71d0d42d65ab5755fb53bf890bbd5dfc9c78c9f5966d70be3729716e5cc783c4aceaeaf67973fb7a3c9d3676b50ed4d8d622ec767f48d3e172cdac29cad59c9c96d497eded562e11555f5eacefbd8ad26bf72f36dc4dad16fa7a5aaddb573b4ba5eb18105acac2b39161e262fed2719dee1e1bb19d3aa54e16a5c525b0e3b11a69313f6edbb39b44c7d38fb39d9ed66ceb79dda3d4b05dcd673273eaacbb96a18f8f6dd22939c657272970452d90e73a6ff9159ac533d218d9dab45e6f30e6fe62764bb5faee3633c6bd62fc2cb93969f69bb718c9ee9c6771fed1f23af0f711af0f7f6e9339e9fdd3ccd8bee7fabe9343cbd4ad695898d7742c8c4b98d6a165c7acc676bc88a8ec92b95a6cf34f3f91149b66272efb3168ae261e076f7b21da6ed2fb9ced5dc5c7b38bc7ff00653bb768e52a7972b8a1472a2a2d9b39cede26fd76a25c7c9d99dcf87d35a799631ace263c70b4dc7b308c2115296438a5c91828d98efdb56fe43cfb91169d5f2ed59988d3f0f9ced5f6230f5db165dcd56ebceb736e5977adf5aa506a9d5c6dc1da85b8adfe4fca7a7c7dfb6df4c7471dfd88dceb9eaf6ed61cae59b7672f539f536e318471b12d2c4b748ae149ca2ee5dd8b9a68e17d53398875ad31189969c1eca683a7ead7b55d26ebc2c9c9b6edddb71509db49d2bc30b8aa9c9c76ed356dcbe9d33f046cd75661e9cf4c590a99199917edb5476a338d983fd65655b949771ba1e5d715e90ef11333d5be3a5e0470a7831c6b70c29c5c278f184636dc64a92ac6292da48bdb39995b56b8c39b1b40d37171e38d8def16b1a0b8616219592a118f3462ae5229770dcefcf762362b1f0db81a3693837257b130ed59bf3fde5f514eecb93cab8eb37d22772d318cb71b319cbbb7d388e38744a2196706c265518153d80c2d4a6018818bdf509836efa6ce702542ad064c1460c1460c1463a8518ea64a3184c9460c946214a31930f99ed1769f5ac1d467a7e97a55bcbbb6ac5bc8b97b22ff0055051bb29c63c3049ca5fbb7ca74ad6b8cccb95ed68e90f16df6bbf98376e70474fd320f953b9912a27b5578532e69ddce2f7ecee7ad76b1c62b2f234ec3ad5b78f6afde95397f7925154dfb8c4de163727eda2dff00307374fbf8d6359c18ddc4c8b90c7b5ab62ddf21ce6e9194ed4a31e1aef747de37a226309ae625f7324d4a8f7b38fc3d1070b185c1c2c601aa00191d18b62cdc7e5cb6f988cccb96e5a61d7ee78cbf36bf2bf19353946e4a3c2c76bc954ef37e31a9ae49705fb4adcf86b546a25dab39860550b8022aadc0c284c3daecd653576e6237b25e5dbefa5467b3c5bf5c3c7e4d3edf498f8b8f79b73e2e25b929492a7c87d097cf86ff0085e27e9fda4fd601f0bc3ad693fb49fac0676b031ad5c572119712dcdca52f0360740000000000000000000000000000000000000000000000000000000000000000000000000000000000000000000000000000000000000068cbb9c16e9cb2d807c876d73fa9d3ede245f977e7e52fd086dff7a862fd61df66bd72f8b572e2545296ceeb38e887af5b09ca4f6b6db7dd1a6036d29f39620ea8532519132c919c197c8ff30bb39abead6316f69ffb7f757277309b4b8ead3524a548b6a87b3c5bd63316797cadb99eb0f4703b71a6c6cc2d67caee8f762947ddb26dcedc234d9484e9c0e3cdb8e57f1f33d3e1ba6f44475e92eebbdacd1aed895b5ae59b719ef9dbbf08cf63aec7b59ce3c798fa75e789f972e06b1d9dc1c8bb95a7ab99f9d7e2a37726dc2fe5de9c63ba2eecab1497371245bec4da31294bd6bf0d7a96576cfb4109634230ecfe993fdedc72eb732e45f22506e10af2f955ee9adad8a52757cd98bdaf78c7c3d0ecf69589a0613c4d3a3c2a4d3bb7a74772e49576ca5dcaec467773b939975daa68f87a4f332a4b6cea9efd897cc72e388749bccc3c7c2ecfe99a7dbb9670a37b1b1eecb8ee63dac8bf0b6e54a57814e9c875b6e4da732e51488f887662626262c5c716d46d713e2938aa4a4f9dbdefe533aa562b886abba3e917af4af5dc2c79dd97d6b92b50727df743a46edb0cc5225b71f0b0f1b6e363dbb0f9edc230f0a4626d39ead4570dfc772bf59beed5d4988ce4c67a367bd64d3f7b3e96626b0e9abb3259993e7fcdf4938ab3f472d8f7dc9f69e04be81c55fa3925addebb2fad393efba978e126d960d6d371183f34a218eace3ed6a9130bf2562c670128a5be9f232620eb28a296edfdf2c4f54eb864ae5d8d292692ee9342ea96d8e6e4afcfafc88ccecd5b8bd99c750beb7a8ca9cf5313e3c2eb964f52bb4fab05d24e039a6183cfc96eaa6a2b992f19b8d98667766556a392b99f76849d9858dc965f12bbbdc22fa49ebc35c88f53bd5d918ae97f49382139258bcfc96eaa497712f1d4d46d424de58cb2b21ff88fe4a2f98d7142724b5bbd79efb927f2b2f1c26aca3b934f64dd7be3441964b3326147d63a77769276a162f30dd1d472152bc2fbad52bd0739da86b925b23a94ff003a09feabf193821791b16a56bf3a325d0fe94667c739583d5157641b5cf545f5a4e5671d4ed35e54649fc8fe9333b0bc8cd6a18f4ab93eeaa3333b13f4b1bb0f275aed3cf02eda8d8b51bd0b916db9b7169a695151774efb5e367e5c773c8c7c3c6ccfe61e663e2dcbd1c0b5376d7151ce697cbb0eb3e1c397b530e3d2ff009a797a83b90969f66cca0934a37272ad77ef4b7198f120f6e5b6deb72cbcdadc82b7c516a4eae4dedaaa37c8b6ec31bde2e2a6d791aed877f5917b535b77fc8782231387ae594781b527738786b4546f7f41aad627e56584e76f8571a8a8c7726aa97744475cb36b74eaf3b13b6d996233b37f1f812a2771dc6ab4d95558b4ba4fa74f1634e5e29f2e73870e6ff3532f1f3658f2c28cada92f2d5f955c5edaec8f31ae0839e65ec7e2fa51fbb4937ba5d76ffee0e0237a5ed606af732316ddfb526a37155db9524d4b7355a73a394ecc44e25dabb932eb86a575514a2a4b95ee66276232ed1bb30dd6f51b2f64e328f7b69cedb0bc99f96f5a8daa6cbad2e6da72e095d55632d52d6d5d64a4bb95fa4d46c4a66182d471ebb5ca9dd4bc6382cd6b8864b3b15ee9f818e1b1c903cdc65f9d5ee24c7058d70c25a963afab193e82c6c24dd84b53547c36f6f759b8f1d9e5612d4ef53646299bf599e45c6d5f2ec655abe9ecb725270496d4b7adbdc37b7b7a658bdb543f4dc6c8b6d5bbf69a76ee2528b5cb192a9ebf97ceb7497a89a6b66e2a00000000000000000000000000000000000000000000000000000000000000000000000000000000000000000000000000000000000000000071664dcae7025f576748c0fc83b73db5d261da1bf8b294eecf0a98ee36e15a4e3b67e53e18ec93a7c870b4bbd372221e0c7b65a3ec5385fb7b2b495b557d126672dfb10d17bb7380bc9c7c6bb75bf3dc60bc1c43293e4b47e2fd4e7625910c4b166c47645dd95c6e52f363c2e35e82e258f65a23db9d479716c3e7a759eb31893d9746276dff00eea36b3f1959b35a5c9db6f8a0df2b8cab54b94c5a261aaf90fa1bbab6916b7e7e3d1aaa97591755de4ebf20adb2edc90e67da2d11cfab8e5a9cf9ad5bbb37b3f560cd6704ef561ae5dacd163295b7917151d24babbb4afc88b99963968cadf6a34194947df141be576ef24bbef8288cda7046f5338cbd585d85eb6ae58bb0c8b4f74edc94e3fddfa4b5bc4bac63e9c197af6918772567232a31bb0d93b71539b4d723e052da5996277222712f3ef76db4682f2217af3fd18287fbf2fa0996677ead373b6ababeb6de9d73aad894e5762937e8edf906189f223b3965dbbbfc555836f879a5724df4a48984f663b3a71fb73812a2bf8776d3f3a1384d744943e732d47930ec5db1d09ad92c85cedd95b3a26cd435cb547dafd13dadc4bbb6a55f054baa4e5ab0976d74549f0abf35dc825f3ca25d7273d58c7b6da4f58a3731b26dc1adb36a0daaee7c3c55f092667b273d5d577b53d9f84632598e5c5f9aad5ce25dff00269e11169ecd7355a67db3d0927495e935cd6fc6d09b4a73c34cfb6fa526d2b57e4b91f0c17cf31ad27c88633edad856ddd8e05f76d3e15394e115c54ad3eab2e53d88ece7b9dbb97f858515ff00f25c72f046310c4f911d9c977b6faac9feced63db5fab393fef4e9e02313bf6fa4b1ae769f314a70bf1b5663f5eeb85b8c17f69aabf90984e6bb8ff126bf6ee49ad42eca8daab69c5d3b8d53c022139acf6b48ed85cb16e6b5885ebeaea5d45f85b824927b5d12b6e5e918b44baedeff0077bd6358d1efe2cb26de75b8da83e1975bfb29274ad3865b5fc858b4bbf2d7bb9e7da6ecfdbaf167274e48c2ecfe6832ea9ec9cb5eed173b61a24294ebe754a516ad70d53dcd71ca23329cd572dcedce07f87857a5dd9ce10f994cb9667cac31b7dbbc3d9d6e0dd8efab85d84bc128c4a7b73d9d93ed66996d45e459c9b11b8ab07c10b916b9f8a13da6657d8896d5dacecdb8b94b2e6a9f98ac5ce27e0e1f09354af3d5cdf8db41e2fa994972370b6ffe31aadd8e7ab7daed668b79f05b790e697134acd5a4bb91932e6dd8e7869b9db4d120bc88e45de6e18461fefbaae81fbbb27b10e3bbdbc8ff008181f2ddbb5f04231f9c9a6589f261c577b6fac4a5485bc7b6bb96e52ff7a6cd45589f265969fda1ed0e6e4f57ef9d45b49cae4addbb51a4572fd513584f62ddda6d76cbb496db8cb33de2dbdd1bf084f67413442fb36eeb2edaebadaa3b293de95987cfbc68823c9b3d5d37b673beeefbe6129f550e36f11f0c9d37b71b927bbf44465d237f3f2ecb1daeecf5edbd75cc77cd7adb7fdeb7c68939748deabd0b19f81914f77cab376bb94671abfecba4bc05d4d46e565b322f5ac6b6eedf7c10dd57caf991d299bf482f311197c476b3b5f7ed2b72c7d3ecdec64dc7aec895c728ca5fa16e50d8f92acf653c6d31978ebe4c5fa3c3ccd56f5eb73e28c2ddbe197142dc5c54951efe272673af56b2f9bc5d472b164e7627c171aa3d89f2d5adb53b4570e76eaf76cf6cacd23d7e34d4a3b54adc96fef3a7ce74b62d18979f44c5b543d6d1bb4d8fa96a58fa7c3aeb32c99385b94941ae2a3696c7cad50f24f89b7f38fd5ebaf91b98eae8c0d6ee66699a8ea169ce31d31277ec49796d3e58d1d29b1f2f219f576fb7ead4791b9ddcf9dda6b163034fcefdaced67c2e4a314a3e44acdc70945d5f79963c6dbcfc7ea97f2373bfe8f2aef6cf1945f538f394a556fac6926dfa4cfa39ad634c7c3c7c76b4e65f3d7b2aedebb3bd36b8e55dca892ab6923cf68cbbd7a3e874cd73215952f22ed128b85c4da8d3f55c779c2d98974897d5f657b69a65cc97a6e7e2cf0ae34ee2cab0dddb2f652b3b726e71ddf9adf78cf14dbaba577a21f6bd4a95aebec4e1918dc97ed3e28fcb4db17dc679fe3a4bd15bc5a32c151d29b6bba858b3a64a7702140142e4c8a2dba2557ccb6b24caf45bcadd8871e45cb78f05b5bbb38dbf0499cf97093310e686a1a6cf6dbccc792ad152ec16df95a66e3719e482f67e9f621d65ec9b508f23738b7f225593f91172937879791db2d12d51598ddcab9b9b8a566dfa53acbfba62665c79e23e1ccfb5daa4b2236e3a65850b95707c7729c2b7cb8f8b87672ec2c6a8fb4f6fae1fa7ff2dbb53635bd2f231a31e0bba75c56f86b552b53558cd568e9c49a5de3bd25e7bdb54bef71675b2979bb0dc8dc000000000000000000000000000000000000000000000000000000000000000000000000000000000000000000000000000000000000000249a49b7b901e1eada9d9d3b032f52bee96f16dcefcabcbc09c947e56a82647f2edebf7afdebb917a4e57ef4e572e4b9e536e527d2ce12e52f470a9a94561e4293bb08376b263be315f993dbb513a2b564e2e1605deaeeb7937d7d6b51f22daee4a5b64fe420e3ced43adb919df928aa52d4229a84573440e3b79709e44ada69c68b81f3b556c607af893c7cb8ac5ca92b73a70d8c8e55b28a13fd1f982c1f05d4632946708db841d1dd9ca318569b36b2f419ea3918b0c3c7c6c7bc9cadaa642b69ab73a2dedece27524197976af5a9c9a8b4f877ec2c40eb5857e56a37df0dab15d9766d24da7c8b7bdc59486ccdcc8fc46ee4605c9da8c9a719c1cadbad157751ef2442ccbcbbd9b6ecf170f973af94ebb3bb56186eb179370bb4aaaa928c96fa3ad28f9c2bd4d76c4ede5c6ea6faabf053841b7e46c49c527b955830f2ee5c50839b554b6b5ff00e02258b9667255956dfe7f0bdb40d3d3d42d4aec55fc64a7830548420b6dbfd78f3f7433879f58efdc5c8f5b0b0b0a5a7acbc98ca0eccdbdaf65e49554557bbb361170f36fdf9debd3b937594dd68b725c8977120bd1a2372dce6e0a5e52df4123bb1b2b1159766f58e06eabde2dd1ce8f9d4abe0a0c8dd7f03130f1ad64b72cc8de5fb36bf67054dab8a9593ef770cc48e3c9cc94aca524a166db728d9b6a914dec6e9e32cab8b1f3237a6e3c3c2bf36bca130f4f47b10bfa8d9b738a941b6e517b534a2dfd015d1ad4b23235178969376eda8ab5621bb6c53dcbba3289eef89a73e2cae1c8cb4953157d483e79bdbd0172f2f50d4653baee5d9bbb729e4c15528ae4496e4865930f36db6a7c30934a92b73555feddd45e865ebc34cc5bb62ce739fbbe2ca54bb6e6ebb13a3e092daebb9549d15c3a8e5c72b32e5d8feefea5a5cd08aa2d85849798b50add7170f26b48b5b3b9b6a11e859cac8b4b862d70d6ae124a71afeacaa8197a96a52cad132a53b76d2b0d3b1d5a71a4b7c9d2ad2de15e3c9c629c9b744aae9b40d38fa9d85713a45addc3717145aef34c9921ee69199a7472e377ab9d99a4e2f81bb96da7dc7b5784c5af110eb5dbcb5ac3c4f789bb8e772d39371716a1249beea91c277fb3d94f1631d5df6342d1f223e45cba9f2c78a2a4be4e133ecd9d3d5ab72ecc6991e5bcfbf255ff00749ec49ea55d58da3e0e3d9bd6eda9aebe3c3393979546a9b28873d97d58695d9bd292a52efda2f547b163d4825d98d2e6a3d54e76aec5d69764a56e6bcd6e2a328f7d163c89cf562de276724345bfa5ea2f2aece36f06dd5abf26b85c64a9c1b1ef3d35dd8978f73666af1331e3bc9b8f19b762526edd55363dbb8db930b78ca74aec8f31ead9f1f3d5c6dbb89c3b6df911514db4b75769f476f6a2ae56dc994baadddb1385c5c709a6a517b7c66f723a334cc59f2fa85e50c49272db27c29f77654f9f4af57d39f8798ad36bf7967e5bb04fa2a76d2e791d97ed2cfdadbf586306a6dc3c99e06762e6c65073c7bb0bb0e19c65e5424a5f9ad99b56663a4ad6623e5f4fd86cdb39badead86d7556f58c7bb5b75e24a6dd5d28979f238cd263199748b67e21f3773547f08b7a55eb7ff008b7a77613e2daa72a466a94ee1aaedda6739e896bf472c6d3924d4ed51eeadc8a7d0d9de65ce59f552ddc76bed21e32198676673c69f5ae76dc374a319c64da6f9937caccda995d50fa1d1af59792e6a8e772148c93e44f8a9b0be2cfeec4b9ef526232fa0c2d4b3706f75d877e762e3d8dc5d149734e3f564bbe8f44ecd6d1d7abcd4bcd5ef5bed5acb51864cde05e5ff00c8b16a172dcbf5ed38d63df83fec9e1ddf067ff97aebe64fc4b932b54ed6e3ceb07672711bf2336d5bb72b0d7e94d5381f3c654678b8e61d637e7e9cb3ed8eb309f0af76bd4dee109d3bd55248983d89632edb6ace2d46cd88cbce51936be47268b83d9979f77b4dad65c3ff003ee46dbdf1b2faa4fbeadf0f8491566dbb32e25723c6e5761d749ef9ca4d4be47e337358c39cde65e864d8b51d0ec5d856972fc9d2546f770b554979a662121e65170eed9ca6a611842e42ea6e2f89274223d9c777727498e2e24e976d394afd9ad2538c9ece1e75ce84b50f67f961ae3d1fb618d1baf831f3ff00ecf214bc9a39bfd9b7bb74e9d25aac3fa1f12e38cf865b2bb28f9ceedbb400000000000000000000000000000000000000000000000000000000000000000000000000000000000000000000000000000000000000069cb9f0daa72c9d00fcdbf9c5a84ecf6563816b6ddd46f46dce3b17ecadfed25bff0049457ca73bdb03f12f72ca5f99e15f41c39219c3d1c1cdbb858d3859c57d7cd3e2beda757b69e4f321ae0c3cd959ca94a52945b9cdd64ded6dbdac6b830d37b4bc9c8e1d9c2a35aeee5a1392134ad8d1ef5aab514e5e7365d70696df71c97b1c5748d70b87b36f2d4f4f86265e3cae5151cd4d56aabc2f6f2a1ae0c3c79e0de7c4b86b17ced57e51ae0c35d9d2aeda729423f5b92abc635c187a5892bd6f0efe2dfb2e76aeedb7471ac67e76d635c261c1ee592b7c377753fa46b85c354b4894a7d63872d5c7624fbe4e484d2f434fb31c7bdd76463caf38ed84138d2bceeafa0bae0d2d59befd97912bd760eb2d895772e45bc6b830e5bda7e6dc838c528a7b1ecfca35a69727c13356d8ec75de4e485d2f4b0fe278b3572dd54d6c96e7192e669ef2eb834bd08ddd35cd645cc09f5f4abb29c7aa73f3b7d46b834b9336eea59b738ef2d8b642daa28c5732551ae166ae4b981957170c6b0e77b3c635c33a5a61a1e442e2b8a5e52dbc9f946b85d2ebf72c8ad5a435c187646591f0d7832845c14b8a13e2758ee7ba94ff00f24d70b872fc3ee38d2b175e4abf11ad7061cb6f459dbb8ae45eead235e7f909ae0c3d2d315ec2cb590ed2bb48b8f0f170d2bf231ae130eacbd46fb94e5898dd45cbcbf6d79b529ba2a517c84d70b87952c5c8756e0ebbeb5e51ae130e19e9179cdc9a72abab496ff0b35168670ea58d722928da9469b928b45d5061e9e2e65b86977b0b22cdd92955db718ec4f635bdf9c4d50d61e5f537dbaab72e865d506973ded22fdd9f1422e3b3ca5c3526b84d2dd670732115195674dd5497d235c2455e869d919b85724d5aeb2ddc8f0ced49a49efdbcbce26f0d45665aafd895ebd29dbb0ac425b781cb8927dcd88e73b90ef1e3da5a63a1e3b9b9dc9375fcc5bbc671b6f65e9a78911f2efb76edda8a84170c62b677973b38cda65eaad2221cb7f53b70bd184571453f2e5e2115e8dea755abf6e71576dcaa93a292de9999821df6356c982a4d2bb1eeec7d3e33310aefb5ab6249524ddb7dddaba51703ae176d5c5584d49771d48acab1e56bbcc0aaed138a717196c941a4e2fbf1754c6a9866d4897cef6971b4cc4b16f2a16e18f1726aed1be17caa917dde63eb7f1b316ccdbe9f33ccdad3f1f6f1ede5da96359c88372b77d376dd399d36d6876f23f97a52f3588f8fc7672f1ff8dbee573f8fd5cb9593a8ceaacce16e3b36a83b973e4aca313947f355bf59e9f8fe8f45bf88b563bfe3fab2c0d3f33331736f4753bc9e0284afdb8c22a75bb2e082e1a249579769eddcf231589ce72f1db6b4ce2630e8d2f16761dcebb8aecee51f5938c6ab9d792913c7dd89b612f5e8f45c96f715d07d0fa79a729c507f9b1e844e88d77f81da7e4ad9bb617a2e174bbd1b3a863dca28d26a2da54d93f25eeef8bc66ab49c4c32d5acc6cea390a89797c7b97e7f95f49cf6edfb5777fd9863bb7c14e15b1be45ca7498622665b3f675dcba1117aabe0716928d7bde211133957a5db2d171e36f45d5f4ab36f1ed6762d2fc62aa9dd835c4f6beef21f1b9ed4dc9897a6f5d5487cee4e42c4b7d664356e3b155f2b7c8a87d2daf26b6abcd3b324efdd56db95b719d69c33a26bbae95d878373f98db89c5633f8fe8f7ecff00177b46667f1fdda31b51d6b1723aeb398acdaff171addb728dd8adbc13e36f893a6d543cd1fc95377e7a7e3fa3d13fc65b6e33f3f8feaeeb56a59da2c354c1cdc7bf277e58f958b6f0ec5bea24e3c56e8e4a526a51ad376e37bb8acc443c78c749737b864f57c3ba4d538b66fe939cde1cf4b4e3e9391664daaca2d529b295e7de35c1a5bfdd2ff98cbae0d2ec9dcb92d2a187d4cbac84dcd4eaa947c9bfba4d70b30e09e264b834a2d37b2bb0d4de134b46369b9761bdb54feb2d9b5f499d706975dab39b6ee46eda4e3383ac649a4d3e92eb858abbf36ecb3210baf1dd9cc851ac88492dab978445e1ac3fa17b2bac7c63b3d83a8374bd76d2590b7d2f43c9b9fde553d559cc2be9ad4f8e11973a28c8000000000000000000000000000000000000000000000000000000000000000000000000000000000000000000000000000000000000038f32e277387912f081f907f33253d43b431b2ae256b06d2b4a34fcf9f9727b3b8e2be43e7efdbf74abe4d69537f9f15d279f283d22e2dd38be91132307a55f4f670bf94b9913e1791fa3d24ccaaad2affe8f49732659c34a74f2e693ee26fe944cc8c9e931e4bbfddfca33289f09ff0098be54fc6332a7c23fe62e863320b498d76dcd9cb45b7c2c664672d2acba704dc79ebb6bd141932d72d21f25d8f4319918fc26e79f17d3e22e64ca7c2eef3c5fcac66416997ff457ca4cc87c2aef9d1e97e2199197c2ae79f15d25cc8bf09953f78abde64cc9962f49b94faf1afca3326523a4ddaed9c69f2f8866467f09979f1e87e32e643e132f3e3e119918bd26e724e3e126643e1577ce8bf95f886447a5dee471e963231969b909ec8a7de6be919954f87e47b3f0af18cc9d13dc2ffb37d3f94664e8b1d36fb6ab1e14f95b2ea93a362d265cb35d0fc66b5262197c255765ca7769f949a97a23d267ed22fbe98d424b4abab738be77bbe81a905a55d7b1ca2bbb57f4219588863774abb0b6da9c66f93878abe148932dd26225c6f13256f835f2a39e3abdf5dfae3e58dcb1931b6e56ed75935ba1c5155f95b430bcd5785a869ddaacce283b71b565bfdd42e476f7dd4dc4424ef55c1f8575da6cb2977ae43c6699e7ab663681da4c6b9d6598a84f737d645d57776ed12bec57bbdec35abcfc9ccc48db97b484e2e2fe4ad51cf4c9ec57bbaba8b95dde145d127b15eeeed32e42c75bd73e1e2a70ecaf7f7549a257d8af7777bf61f2ce9dd717e226893d9aafbe60d3f7b5ef425e22e994f66ae2d52ce91a9e24b132f8a7664d3f254934d6e92d875dab4d2d9862fbb4b4757916fb3962ce2d9c4c6cb94edd972eaa572d4b89464db69b8adbbf98f3791b33b97d7f0edb1e5529d1313b31939b0cc71cab765624a16ee71466dfed38a924bc9f34b5f134e2d32e9b9e744c7c3d3d13b338ba3e9f918b62f4ee5ecde0f7cc99a5c538da7c50825f9b152dbcecf56f6f6aff00c3e34ce672cb3f0158c595e84a539477c52dcabbcf4783b98dc66ff0f1a77e8e8ab25ceabf4a47e8a27a3c9863ef34fcc919ca2dcbbc56aa955bfcddb55dfd94195cb995c9ef4a925b917ae19ac757a7af38cefd9c98bac6fda8b7df5f90e7b31f52f46f447cc382cdd69f0a4dd4ed2e15c36cef38ca8a2e54e55b9f4a465653de65e64bc05fa4c3eb749b8f57ec9cb4eeadc27a5ca5930c893f21466e9d5b7c92939368f81fc86ce9bcdb3f2f6ed7faf579393d9ac4cfb1d466f956ebc5176e549465ce9d0f36df9134f8f85f89cc3931fb1b77171a78d673badb529715beba3fb486ca538a2e94ee50f2efedd776d9fb7b7c7f3269f3196bc1ecd5fc9c57971c984610bd2b17214939c6518a926f72a3e4ef1cbd38ace7e9edbff21fb7a7e3fe1e8685d96c2d26d6546376779e6383bca5e4c7f66db8f0c56ea7133dbbbbdae23f27c7b5b3397a0b4fc24ebd5f865e3396581e9f84ff003295e54d8d43096958afeaca4b9b77886b1ade8f17f56e3f950d62c7468d1715d7f221ac57a3dba6c9baf756c1ac612d265c924fbf54352e1a5e9991e62f91f8d8d43f45fe53e65db31cdd26ff00d56d64e3eddce9c3717fbafa4f678fb9f48fd3b0ee578a0f936a3d9303a800000000000000000000000000000000000000000000000000000000000000000000000000000000000000000000000000000000000003ccb92e394a4b95ba540f9bcbec1e8b93957b2af5cc9776fce539d2e412ac9d762e07b0e17d88b4e46afe9df67e9f5f257fd487a863d5a8c5ff002e7b3f5fde657da43d41ead43fa71d9ff6995f690f507ab50fe9c767fda657da43d41ead43fa73d9ff006995f690f507ab517fa73d9ef6995f690f507ab50fe9cf67bda657da43d41ead43fa73d9ef6995f690f507ab50fe9cf67bda657da43d41ead43fa73d9ef6995f690f507ab50fe9cf67bda657da43d41ead43fa73d9ef6995f690f507ab50fe9cf67bda657da43d41ead43fa73d9ef6995f690f507ab50fe9cf67bda657da43d41ead43fa73d9ef6995f690f507ab50fe9cf67bda657da43d41ead43fa73d9ef6995f690f507ab50fe9cf67bda657da43d41ead43fa73d9ef6995f690f507ab50fe9cf67bda657da43d41ead43fa73d9ef6995f690f507ab50fe9cf67bda657da43d41ead43fa73d9ef6995f690f507ab50fe9cf67bda657da43d41ead43fa73d9ef6995f690f507ad505fcbaecf2dd732bed21ea0f5aa0ff00977a057f7b95f690f507ab513fa75d9ff6995f690f507ab50fe9cf67fda657da43d41ead43fa73a07b4c9fb487a83d5a8abf975d9ff6993f690ff4c7ad517fa75d9ff6993f690ff4c7ad50fe9d767fda64fda43fd31ead43fa75d9ff006993f690ff004c7ab511ff002e7b3eff00c4c9a7ff00c90f507ab06584bf969d9b9269cb25d7fe643fd32fab558b30fe97765f9f2bed63ea17d6aaea3fa5dd98ff00fdafb58fa83d6aa64fe96f65b95e57daaf50beb550fe96f6579f2bed57a84f5a04fe967655f2e57daaf507af02afe56f6557de7e5bb17ff00f5a0671fe58f65e2f67bc27faf0ff004c7ad5192fe5b76713d92c85deb90f507ad5197f4eb40f6995f690f507af513fa73d9fad7accafb487a85f5e172c31ff00969d9cc6b99772dcf29bcd505753b9069703524e3e46cda8b3b318c2ea64bf977a079f93f690f50c4f8d564b9fcb7ecedcb72b729e570ce2e32a5c82d8d53cc35b7e3c567292f397f26bb214fdf672ee75d6ff00d33db1bf686341fd1aec87b6cefb6b7fe99af66cba213fa33d90ad7aecfaff00fcd6ff00d31ecdbb9a218bfe4af639b6dddce75ff9d6ff00d213bf6948a444b75efe4ff64af63dab13bb9bc367641f5d6f8b6f3bea8cc6eda1b98cb4c3f929d8e84b895ecfaadd5bd6ff00d2353e45d9e386c7fc9bec97b5cdfb6b7fe913d8b1a20fe8df647dae6fdb5bff004c9cf649a3bf4afe5b76774b8e5471ae654a3996faabcae5c83544ea9aa423b798e1e446bf96e3a432fe9cf67e95eb32bed20ffe03cfead5617fa73d9ef6993f690f50478b5895cb562ff2cfb398b1ca56ae65532e70bb7612b90694a1c5471f2179ece96d8acc6175b6ff004efb3fed327d387a867d5aa64fe9d767bcfc9fb487a83d5a994fe9d767bcfc9fb487a84f56a657fa75d9ef3f27ed21ea0f5a8653fa75d9ff006993f690f50bebd0c9fd3ad03da657da43d41ebd0c9fd3ad03da657da43d41ebd0c9fd39ecff00b4cafb487a83d7aae57fa73d9ef6995f690f507af54cba74dec5e91a6e6dbcdc6bb93d7d9af0f14e2d3aaa34d70730aece27a23e8acdce0baa5c9b9f7b71e81e89000000000000000000000000000000000000000000000000000000000000000000000000000000000000000000000000000000000000d792df5324abe56cd9dd0387ab9f9afa18076ee53ea3e8604eaee7992e8603abb9e6cba180eaee79b2e8603abb9e6cba180eaee79b2e8603abb9e6cba180eaee79b2e8603abb9e6cba180eaee79b2e8603abb9e6cba180eaee79b2e8603abb9e6cba180eaee79b2e8603abb9e6cba180eaee79b2e8603abb9e6cba180eaee79b2e8603abb9e6cba180eaee79b2e8603abb9e6cba180eaee79b2e8603abb9e6cba180eaee79b2e8603abb9e6cba180eaee79b2e8603abb9e6cba180eaee79b2e860476aef992e8603aabbe64ba18155bb9e6cba180eaee79b2e8603abb9e6cba180eaee79b2e8603abb9e6cba180eaee7992e8603abb9e64ba180eaee7992e8604eaeef98fa3f21301d5ddf31f47e42e05eaee7992e8603abb9e64ba180eaee7992e8603abb9e64ba180eaee7992e8603abb9e6cba180eaee7992e86301d5dcf325d0c075773cc97432c075773cc9743244875773cc97432875773cc97430875773cc974301d5dcf365d0ca1d5dcf325d0c81d5dcf325d0c603abb9e64ba180eaee7992e865ca9d5dcf325d0c8875773cc97432c0bd5dca7d4974322a75773cc97430875773cc97431060eaee7992e86203abb9e64ba183075773cc9743060eaee7992e8603abb9e6cba1943abbbe63e8fc804eaeef98fa3f2017aab9e64ba190c1d55cf325d0c183abb9e64ba1853abb9e6cba181df624dda8f155496c75248d800000000000000000000000000000000000000000000000000000000000000000000000000000000000000000000000000000000000000000280280280280280280280280280280280280280280280280280280280280280280280280280280280280280280280280280280280280280280280280280280280280280280280280280280280280280280280280280280280280280280280280280280280280280280280280000000000000000000000000000000000000000000000000000000000000000000000000000000000000000000000000000000000000000000000000000000000000000000000000000000000000000000000000000000000000000000000000000000000000000000000000000000000000000000000000000000000000000000000000000000000000000000000000000000000000000000000000000000000000000000000000000000000000000000000000000000000000000000000000000000000000000000000000000000000000000000000000000000000000000000000000000000000000000000000000000000000000000000000000000000000000000000000000000000000000000000000000000000000000000000000000000000000000000000000000000000000000000000000000000000000000000000000000000000000000000000000000000000000000000000000000000000000000000000000000000000000000000000000000000000000000000000000000000000000000000000000000000000000000000000000000000000000000000000000000000000000000000000000000000000000000000000000000000000000000000000000000000000000000000000000000000000000000000000000000000000000000000000000000000000000000000000000000000000000000000000000000000000000000000000000000000000000000000000000000000000000000000000000000000000000000000000000000000000000000000000000000000000000000000000000000000000000000000000000000000000000000000000000000000000000000000000000000000000000000000000000000000000000000000000000000000000000000000000000000000000000000000000000000000000000000000000000000000000000000000000000000000000000000000000000000000000000000000000000000000000000000000000000000000000000000000000000000000000000000000000000000000000000000000000000000000000000000000000000000000000000000000000000000000000000000000000000000000000000000000000000000000000000000000000000000000000000000000000000000000000000000000000000000000000000000000000000000000000000000000000000000000000000000000000000000000000000000000000000000000000000000000000000000000000000000000000000000000000000000000000000000000000000000000000000000000000000000000000000000000000000000000000000000000000000000000000000000000000000000000000000000000000000000000000000000000000000000000000000000000000000000000000000000000000000000000000000000000000000000000000000000000000000000000000000000000000000000000000000000000000000000000000000000000000000000000000000000000000000000000000000000000000000000000000000000000000000000000000000000000000000000000000000000000000000000000000000000000000000000000000000000000000000000000000000000000000000000000000000000000000000000000000000000000000000000000000000000000000000000000000000000000000000000000000000000000000000000000000000000000000000000000000000000000000000000000000000000000000000000000000000000000000000000000000000000000000000000000000000000000000000000000000000000000000000000000000000000000000000000000000000000000000000000000000000000000000000000000000000000000000000000000000000000000000000000000000000000000000000000000000000000000000000000000000000000000000000000000000000000000000000000000000000000000000000000000000000000000000000000000000000000000000000000000000000000000000000000000000000000000000000000000000000000000000000000000000000000000000000000000000000000000000000000000000000000000000000000000000000000000000000000000000000000000000000000000000000000000000000000000000000000000000000000000000000000000000000000000000000000000000000000000000000000000000000000000000000000000000000000000000000000000000000000000000000000000000000000000000000000000000000000000000000000000000000000000000000000000000000000000000000000000000000000000000000000000000000000000000000000000000000000000000000000000000000000000000000000000000000000000000000000000000000000000000000000000000000000000000000000000000000000000000000000000000000000000000000000000000000000000000000000000000000000000000000000000000000000000000000000000000000000000000000000000000000000000000000000000000000000000000000000000000000000000000000000000000000000000000000000000000000000000000000000000000000000000000000000000000000000000000000000000000000000000000000000000000000000000000000000000000000000000000000000000000000000000000000000000000000000000000000000000000000000000000000000000000000000000000000000000000000000000000000000000000000000000000000000000000000000000000000000000000000000000000000000000000000000000000000000000000000000000000000000000000000000000000000000000000000000000000000000000000000000000000000000000000000000000000000000000000000000000000000000000000000000000000000000000000000000000000000000000000000000000000000000000000000000000000000000000000000000000000000000000000000000000000000000000000000000000000000000000000000000000000000000000000000000000000000000000000000000000000000000000000000000000000000000000000000000000000000000000000000000000000000000000000000000000000000000000000000000000000000000000000000000000000000000000000000000000000000000000000000000000000000000000000000000000000000000000000000000000000000000000000000000000000000000000000000000000000000000000000000000000000000000000000000000000000000000000000000000000000000000000000000000000000000000000000000000000000000000000000000000000000000000000000000000000000000000000000000000000000000000000000000000000000000000000000000000000000000000000000000000000000000000000000000000000000000000000000000000000000000000000000000000000000000000000000000000000000000000000000000000000000000000000000000000000000000000000000000000000000000000000000000000000000000000000000000000000000000000000000000000000000000000000000000000000000000000000000000000000000000000000000000000000000000000000000000000000000000000000000000000000000000000000000000000000000000000000000000000000000000000000000000000000000000000000000000000000000000000000000000000000000000000000000000000000000000000000000000000000000000000000000000000000000000000000000000000000000000000000000000000000000000000000000000000000000000000000000000000000000000000000000000000000000000000000000000000000000000000000000000000000000000000000000000000000000000000000000000000000000000000000000000000000000000000000000000000000000000000000000000000000000000000000000000000000000000000000000000000000000000000000000000000000000000000000000000000000000000000000000000000000000000000000000000000000000000000000000000000000000000000000000000000000000000000000000000000000000000000000000000000000000000000000000000000000000000000000000000000000000000000000000000000000000000000000000000000000000000000000000000000000000000000000000000000000000000000000000000000000000000000000000000000000000000000000000000000000000000000000000000000000000000000000000000000000000000000000000000000000000000000000000000000000000000000000000000000000000000000000000000000000000000000000000000000000000000000000000000000000000000000000000000000000000000000000000000000000000000000000000000000000000000000000000000000000000000000000000000000000000000000000000000000000000000000000000000000000000000000000000000000000000000000000000000000000000000000000000000000000000000000000000000000000000000000000000000000000000000000000000000000000000000000000000000000000000000000000000000000000000000000000000000000000000000000000000000000000000000000000000000000000000000000000000000000000000000000000000000000000000000000000000000000000000000000000000000000000000000000000000000000000000000000000000000000000000000000000000000000000000000000000000000000000000000000000000000000000000000000000000000000000000000000000000000000000000000000000000000000000000000000000000000000000000000000000000000000000000000000000000000000000000000000000000000000000000000000000000000000000000000000000000000000000000000000000000000000000000000000000000000000000000000000000000000000000000000000000000000000000000000000000000000000000000000000000000000000000000000000000000000000000000000000000000000000000000000000000000000000000000000000000000000000000000000000000000000000000000000000000000000000000000000000000000000000000000000000000000000000000000000000000000000000000000000000000000000000000000000000000000000000000000000000000000000000000000000000000000000000000000000000000000000000000000000000000000000000000000000000000000000000000000000000001fffd9, 'INV003', 3, 3, 1, '17000.00', 3, 'На ремонте после поломки картриджа', 'Программирование', NULL);

-- --------------------------------------------------------

--
-- Структура таблицы `EquipmentInventoryCheck`
--

CREATE TABLE `EquipmentInventoryCheck` (
  `equipment_id` int(11) NOT NULL,
  `inventory_check_id` int(11) NOT NULL,
  `checked_by_user_id` int(11) DEFAULT NULL,
  `comment` text,
  `check` tinyint(1) DEFAULT '0'
) ENGINE=InnoDB DEFAULT CHARSET=utf8mb4;

--
-- Дамп данных таблицы `EquipmentInventoryCheck`
--

INSERT INTO `EquipmentInventoryCheck` (`equipment_id`, `inventory_check_id`, `checked_by_user_id`, `comment`, `check`) VALUES
(4, 1, 1, 'Оборудование в порядке', 0),
(5, 1, 2, 'Проведена проверка, всё функционирует', 0),
(6, 1, 3, 'Устройство на ремонте', 0);

-- --------------------------------------------------------

--
-- Структура таблицы `EquipmentSoftware`
--

CREATE TABLE `EquipmentSoftware` (
  `equipment_id` int(11) NOT NULL,
  `software_id` int(11) NOT NULL
) ENGINE=InnoDB DEFAULT CHARSET=utf8mb4;

--
-- Дамп данных таблицы `EquipmentSoftware`
--

INSERT INTO `EquipmentSoftware` (`equipment_id`, `software_id`) VALUES
(5, 1),
(5, 2),
(6, 3);

-- --------------------------------------------------------

--
-- Структура таблицы `InventoryCheck`
--

CREATE TABLE `InventoryCheck` (
  `id` int(11) NOT NULL,
  `name` varchar(100) NOT NULL,
  `start_date` date DEFAULT NULL,
  `end_date` date DEFAULT NULL
) ENGINE=InnoDB DEFAULT CHARSET=utf8mb4;

--
-- Дамп данных таблицы `InventoryCheck`
--

INSERT INTO `InventoryCheck` (`id`, `name`, `start_date`, `end_date`) VALUES
(1, 'Инвентаризация весна 2025', '2025-03-01', '2025-03-10');

-- --------------------------------------------------------

--
-- Структура таблицы `Model`
--

CREATE TABLE `Model` (
  `id` int(11) NOT NULL,
  `name` varchar(100) NOT NULL,
  `equipment_type` varchar(100) DEFAULT NULL
) ENGINE=InnoDB DEFAULT CHARSET=utf8mb4;

--
-- Дамп данных таблицы `Model`
--

INSERT INTO `Model` (`id`, `name`, `equipment_type`) VALUES
(1, 'Samsung S24F350FHI', NULL),
(2, 'Lenovo ThinkCentre M720', NULL),
(3, 'HP LaserJet Pro M404', NULL);

-- --------------------------------------------------------

--
-- Структура таблицы `NetworkSettings`
--

CREATE TABLE `NetworkSettings` (
  `id` int(11) NOT NULL,
  `ip_address` varchar(15) NOT NULL,
  `subnet_mask` varchar(15) DEFAULT NULL,
  `gateway` varchar(15) DEFAULT NULL,
  `dns_servers` varchar(255) DEFAULT NULL,
  `equipment_id` int(11) DEFAULT NULL
) ENGINE=InnoDB DEFAULT CHARSET=utf8mb4;

--
-- Дамп данных таблицы `NetworkSettings`
--

INSERT INTO `NetworkSettings` (`id`, `ip_address`, `subnet_mask`, `gateway`, `dns_servers`, `equipment_id`) VALUES
(1, '192.168.0.101', '255.255.255.0', '192.168.0.1', '8.8.8.8,8.8.4.4', 4),
(2, '192.168.0.102', '255.255.255.0', '192.168.0.1', '8.8.8.8', 5),
(3, '192.168.0.103', '255.255.255.0', '192.168.0.1', '1.1.1.1', 6);

-- --------------------------------------------------------

--
-- Структура таблицы `Room`
--

CREATE TABLE `Room` (
  `id` int(11) NOT NULL,
  `name` varchar(100) NOT NULL,
  `short_name` varchar(50) DEFAULT NULL,
  `responsible_user_id` int(11) DEFAULT NULL,
  `temporary_responsible_user_id` int(11) DEFAULT NULL
) ENGINE=InnoDB DEFAULT CHARSET=utf8mb4;

--
-- Дамп данных таблицы `Room`
--

INSERT INTO `Room` (`id`, `name`, `short_name`, `responsible_user_id`, `temporary_responsible_user_id`) VALUES
(1, 'Аудитория 422', 'Ауд.422', 1, 3),
(2, 'Аудитория 502', 'Ауд.502', 2, 3),
(3, 'Аудитория 418', 'Ауд.418', 3, 1);

-- --------------------------------------------------------

--
-- Структура таблицы `Software`
--

CREATE TABLE `Software` (
  `id` int(11) NOT NULL,
  `name` varchar(100) NOT NULL,
  `version` varchar(50) DEFAULT NULL,
  `developer_name` varchar(100) DEFAULT NULL
) ENGINE=InnoDB DEFAULT CHARSET=utf8mb4;

--
-- Дамп данных таблицы `Software`
--

INSERT INTO `Software` (`id`, `name`, `version`, `developer_name`) VALUES
(1, 'Windows 10 Pro', '20H2', 'Microsoft'),
(2, 'PyCharm', '2022.3', 'JetBrains'),
(3, 'Adobe Reader', '2023.1', 'Adobe Systems'),
(5, 'Photoshop', '5.0', 'Adobe');

-- --------------------------------------------------------

--
-- Структура таблицы `User`
--

CREATE TABLE `User` (
  `id` int(11) NOT NULL,
  `username` varchar(50) NOT NULL,
  `password` varchar(255) NOT NULL,
  `role` enum('admin','teacher','staff') NOT NULL,
  `email` varchar(100) DEFAULT NULL,
  `last_name` varchar(50) NOT NULL,
  `first_name` varchar(50) NOT NULL,
  `middle_name` varchar(50) DEFAULT NULL,
  `phone` varchar(20) DEFAULT NULL,
  `address` varchar(255) DEFAULT NULL
) ENGINE=InnoDB DEFAULT CHARSET=utf8mb4;

--
-- Дамп данных таблицы `User`
--

INSERT INTO `User` (`id`, `username`, `password`, `role`, `email`, `last_name`, `first_name`, `middle_name`, `phone`, `address`) VALUES
(1, 'basalaev', '123123', 'admin', 'ivanov@mail.ru', 'Басалаев', 'Александр', 'Иванович', '89123456789', 'г. Пермь, ул. Пушкина, д.1'),
(2, 'suslonova', '123123', 'teacher', 'petrova@mail.ru', 'Суслонова', 'Мария', 'Лазаревна', '89234567890', 'г. Пермь, ул. Ленина, д.10'),
(3, 'subbotina', '123123', 'teacher', 'smirnov@mail.ru', 'Субботина', 'Юлия', 'Александровна', '89345678901', 'г. Пермь, ул. Чехова, д.3');

--
-- Индексы сохранённых таблиц
--

--
-- Индексы таблицы `Consumable`
--
ALTER TABLE `Consumable`
  ADD PRIMARY KEY (`id`),
  ADD KEY `responsible_user_id` (`responsible_user_id`),
  ADD KEY `temporary_responsible_user_id` (`temporary_responsible_user_id`),
  ADD KEY `consumable_type_id` (`consumable_type_id`);

--
-- Индексы таблицы `ConsumableProperty`
--
ALTER TABLE `ConsumableProperty`
  ADD PRIMARY KEY (`id`),
  ADD KEY `consumable_id` (`consumable_id`);

--
-- Индексы таблицы `ConsumableType`
--
ALTER TABLE `ConsumableType`
  ADD PRIMARY KEY (`id`);

--
-- Индексы таблицы `Equipment`
--
ALTER TABLE `Equipment`
  ADD PRIMARY KEY (`id`),
  ADD UNIQUE KEY `inventory_number` (`inventory_number`),
  ADD KEY `room_id` (`room_id`),
  ADD KEY `responsible_user_id` (`responsible_user_id`),
  ADD KEY `temporary_responsible_user_id` (`temporary_responsible_user_id`),
  ADD KEY `model_id` (`model_id`),
  ADD KEY `idx_equipment_name` (`name`),
  ADD KEY `idx_equipment_inventory_number` (`inventory_number`);

--
-- Индексы таблицы `EquipmentInventoryCheck`
--
ALTER TABLE `EquipmentInventoryCheck`
  ADD PRIMARY KEY (`equipment_id`,`inventory_check_id`),
  ADD KEY `inventory_check_id` (`inventory_check_id`),
  ADD KEY `checked_by_user_id` (`checked_by_user_id`);

--
-- Индексы таблицы `EquipmentSoftware`
--
ALTER TABLE `EquipmentSoftware`
  ADD PRIMARY KEY (`equipment_id`,`software_id`),
  ADD KEY `software_id` (`software_id`);

--
-- Индексы таблицы `InventoryCheck`
--
ALTER TABLE `InventoryCheck`
  ADD PRIMARY KEY (`id`);

--
-- Индексы таблицы `Model`
--
ALTER TABLE `Model`
  ADD PRIMARY KEY (`id`);

--
-- Индексы таблицы `NetworkSettings`
--
ALTER TABLE `NetworkSettings`
  ADD PRIMARY KEY (`id`),
  ADD UNIQUE KEY `ip_address` (`ip_address`),
  ADD KEY `equipment_id` (`equipment_id`),
  ADD KEY `idx_network_ip` (`ip_address`);

--
-- Индексы таблицы `Room`
--
ALTER TABLE `Room`
  ADD PRIMARY KEY (`id`),
  ADD KEY `responsible_user_id` (`responsible_user_id`),
  ADD KEY `temporary_responsible_user_id` (`temporary_responsible_user_id`);

--
-- Индексы таблицы `Software`
--
ALTER TABLE `Software`
  ADD PRIMARY KEY (`id`);

--
-- Индексы таблицы `User`
--
ALTER TABLE `User`
  ADD PRIMARY KEY (`id`);

--
-- AUTO_INCREMENT для сохранённых таблиц
--

--
-- AUTO_INCREMENT для таблицы `Consumable`
--
ALTER TABLE `Consumable`
  MODIFY `id` int(11) NOT NULL AUTO_INCREMENT, AUTO_INCREMENT=4;

--
-- AUTO_INCREMENT для таблицы `ConsumableProperty`
--
ALTER TABLE `ConsumableProperty`
  MODIFY `id` int(11) NOT NULL AUTO_INCREMENT, AUTO_INCREMENT=10;

--
-- AUTO_INCREMENT для таблицы `ConsumableType`
--
ALTER TABLE `ConsumableType`
  MODIFY `id` int(11) NOT NULL AUTO_INCREMENT, AUTO_INCREMENT=4;

--
-- AUTO_INCREMENT для таблицы `Equipment`
--
ALTER TABLE `Equipment`
  MODIFY `id` int(11) NOT NULL AUTO_INCREMENT, AUTO_INCREMENT=8;

--
-- AUTO_INCREMENT для таблицы `InventoryCheck`
--
ALTER TABLE `InventoryCheck`
  MODIFY `id` int(11) NOT NULL AUTO_INCREMENT, AUTO_INCREMENT=2;

--
-- AUTO_INCREMENT для таблицы `Model`
--
ALTER TABLE `Model`
  MODIFY `id` int(11) NOT NULL AUTO_INCREMENT, AUTO_INCREMENT=4;

--
-- AUTO_INCREMENT для таблицы `NetworkSettings`
--
ALTER TABLE `NetworkSettings`
  MODIFY `id` int(11) NOT NULL AUTO_INCREMENT, AUTO_INCREMENT=4;

--
-- AUTO_INCREMENT для таблицы `Room`
--
ALTER TABLE `Room`
  MODIFY `id` int(11) NOT NULL AUTO_INCREMENT, AUTO_INCREMENT=6;

--
-- AUTO_INCREMENT для таблицы `Software`
--
ALTER TABLE `Software`
  MODIFY `id` int(11) NOT NULL AUTO_INCREMENT, AUTO_INCREMENT=6;

--
-- AUTO_INCREMENT для таблицы `User`
--
ALTER TABLE `User`
  MODIFY `id` int(11) NOT NULL AUTO_INCREMENT, AUTO_INCREMENT=6;

--
-- Ограничения внешнего ключа сохраненных таблиц
--

--
-- Ограничения внешнего ключа таблицы `Consumable`
--
ALTER TABLE `Consumable`
  ADD CONSTRAINT `consumable_ibfk_1` FOREIGN KEY (`responsible_user_id`) REFERENCES `User` (`id`),
  ADD CONSTRAINT `consumable_ibfk_2` FOREIGN KEY (`temporary_responsible_user_id`) REFERENCES `User` (`id`),
  ADD CONSTRAINT `consumable_ibfk_3` FOREIGN KEY (`consumable_type_id`) REFERENCES `ConsumableType` (`id`);

--
-- Ограничения внешнего ключа таблицы `ConsumableProperty`
--
ALTER TABLE `ConsumableProperty`
  ADD CONSTRAINT `consumableproperty_ibfk_1` FOREIGN KEY (`consumable_id`) REFERENCES `Consumable` (`id`);

--
-- Ограничения внешнего ключа таблицы `Equipment`
--
ALTER TABLE `Equipment`
  ADD CONSTRAINT `equipment_ibfk_1` FOREIGN KEY (`room_id`) REFERENCES `Room` (`id`),
  ADD CONSTRAINT `equipment_ibfk_2` FOREIGN KEY (`responsible_user_id`) REFERENCES `User` (`id`),
  ADD CONSTRAINT `equipment_ibfk_3` FOREIGN KEY (`temporary_responsible_user_id`) REFERENCES `User` (`id`),
  ADD CONSTRAINT `equipment_ibfk_6` FOREIGN KEY (`model_id`) REFERENCES `Model` (`id`);

--
-- Ограничения внешнего ключа таблицы `EquipmentInventoryCheck`
--
ALTER TABLE `EquipmentInventoryCheck`
  ADD CONSTRAINT `equipmentinventorycheck_ibfk_1` FOREIGN KEY (`equipment_id`) REFERENCES `Equipment` (`id`),
  ADD CONSTRAINT `equipmentinventorycheck_ibfk_2` FOREIGN KEY (`inventory_check_id`) REFERENCES `InventoryCheck` (`id`),
  ADD CONSTRAINT `equipmentinventorycheck_ibfk_3` FOREIGN KEY (`checked_by_user_id`) REFERENCES `User` (`id`);

--
-- Ограничения внешнего ключа таблицы `EquipmentSoftware`
--
ALTER TABLE `EquipmentSoftware`
  ADD CONSTRAINT `equipmentsoftware_ibfk_1` FOREIGN KEY (`equipment_id`) REFERENCES `Equipment` (`id`),
  ADD CONSTRAINT `equipmentsoftware_ibfk_2` FOREIGN KEY (`software_id`) REFERENCES `Software` (`id`);

--
-- Ограничения внешнего ключа таблицы `NetworkSettings`
--
ALTER TABLE `NetworkSettings`
  ADD CONSTRAINT `networksettings_ibfk_1` FOREIGN KEY (`equipment_id`) REFERENCES `Equipment` (`id`);

--
-- Ограничения внешнего ключа таблицы `Room`
--
ALTER TABLE `Room`
  ADD CONSTRAINT `room_ibfk_1` FOREIGN KEY (`responsible_user_id`) REFERENCES `User` (`id`),
  ADD CONSTRAINT `room_ibfk_2` FOREIGN KEY (`temporary_responsible_user_id`) REFERENCES `User` (`id`);
COMMIT;

/*!40101 SET CHARACTER_SET_CLIENT=@OLD_CHARACTER_SET_CLIENT */;
/*!40101 SET CHARACTER_SET_RESULTS=@OLD_CHARACTER_SET_RESULTS */;
/*!40101 SET COLLATION_CONNECTION=@OLD_COLLATION_CONNECTION */;
